[
  {
    "id": 491,
    "created_at": "2023-05-02T19:38:54.000000Z",
    "updated_at": "2023-05-02T19:38:54.000000Z",
    "name": "Boac ",
    "code": "1704001000",
    "zip_code": "",
    "district": "Lone",
    "type": "Mun",
    "region_id": 5,
    "province_id": 22
  },
  {
    "id": 492,
    "created_at": "2023-05-02T19:38:54.000000Z",
    "updated_at": "2023-05-02T19:38:54.000000Z",
    "name": "Buenavista",
    "code": "1704002000",
    "zip_code": "",
    "district": "Lone",
    "type": "Mun",
    "region_id": 5,
    "province_id": 22
  },
  {
    "id": 493,
    "created_at": "2023-05-02T19:38:54.000000Z",
    "updated_at": "2023-05-02T19:38:54.000000Z",
    "name": "Gasan",
    "code": "1704003000",
    "zip_code": "",
    "district": "Lone",
    "type": "Mun",
    "region_id": 5,
    "province_id": 22
  },
  {
    "id": 494,
    "created_at": "2023-05-02T19:38:54.000000Z",
    "updated_at": "2023-05-02T19:38:54.000000Z",
    "name": "Mogpog",
    "code": "1704004000",
    "zip_code": "",
    "district": "Lone",
    "type": "Mun",
    "region_id": 5,
    "province_id": 22
  },
  {
    "id": 495,
    "created_at": "2023-05-02T19:38:54.000000Z",
    "updated_at": "2023-05-02T19:38:54.000000Z",
    "name": "Santa Cruz",
    "code": "1704005000",
    "zip_code": "",
    "district": "Lone",
    "type": "Mun",
    "region_id": 5,
    "province_id": 22
  },
  {
    "id": 496,
    "created_at": "2023-05-02T19:38:54.000000Z",
    "updated_at": "2023-05-02T19:38:54.000000Z",
    "name": "Torrijos",
    "code": "1704006000",
    "zip_code": "",
    "district": "Lone",
    "type": "Mun",
    "region_id": 5,
    "province_id": 22
  },
  {
    "id": 497,
    "created_at": "2023-05-02T19:38:54.000000Z",
    "updated_at": "2023-05-02T19:38:54.000000Z",
    "name": "Abra De Ilog",
    "code": "1705101000",
    "zip_code": "",
    "district": "Lone",
    "type": "Mun",
    "region_id": 5,
    "province_id": 23
  },
  {
    "id": 498,
    "created_at": "2023-05-02T19:38:54.000000Z",
    "updated_at": "2023-05-02T19:38:54.000000Z",
    "name": "Calintaan",
    "code": "1705102000",
    "zip_code": "",
    "district": "Lone",
    "type": "Mun",
    "region_id": 5,
    "province_id": 23
  },
  {
    "id": 499,
    "created_at": "2023-05-02T19:38:54.000000Z",
    "updated_at": "2023-05-02T19:38:54.000000Z",
    "name": "Looc",
    "code": "1705103000",
    "zip_code": "",
    "district": "Lone",
    "type": "Mun",
    "region_id": 5,
    "province_id": 23
  },
  {
    "id": 500,
    "created_at": "2023-05-02T19:38:54.000000Z",
    "updated_at": "2023-05-02T19:38:54.000000Z",
    "name": "Lubang",
    "code": "1705104000",
    "zip_code": "",
    "district": "Lone",
    "type": "Mun",
    "region_id": 5,
    "province_id": 23
  },
  {
    "id": 501,
    "created_at": "2023-05-02T19:38:54.000000Z",
    "updated_at": "2023-05-02T19:38:54.000000Z",
    "name": "Magsaysay",
    "code": "1705105000",
    "zip_code": "",
    "district": "Lone",
    "type": "Mun",
    "region_id": 5,
    "province_id": 23
  },
  {
    "id": 502,
    "created_at": "2023-05-02T19:38:54.000000Z",
    "updated_at": "2023-05-02T19:38:54.000000Z",
    "name": "Mamburao ",
    "code": "1705106000",
    "zip_code": "",
    "district": "Lone",
    "type": "Mun",
    "region_id": 5,
    "province_id": 23
  },
  {
    "id": 503,
    "created_at": "2023-05-02T19:38:54.000000Z",
    "updated_at": "2023-05-02T19:38:54.000000Z",
    "name": "Paluan",
    "code": "1705107000",
    "zip_code": "",
    "district": "Lone",
    "type": "Mun",
    "region_id": 5,
    "province_id": 23
  },
  {
    "id": 504,
    "created_at": "2023-05-02T19:38:54.000000Z",
    "updated_at": "2023-05-02T19:38:54.000000Z",
    "name": "Rizal",
    "code": "1705108000",
    "zip_code": "",
    "district": "Lone",
    "type": "Mun",
    "region_id": 5,
    "province_id": 23
  },
  {
    "id": 505,
    "created_at": "2023-05-02T19:38:54.000000Z",
    "updated_at": "2023-05-02T19:38:54.000000Z",
    "name": "Sablayan",
    "code": "1705109000",
    "zip_code": "",
    "district": "Lone",
    "type": "Mun",
    "region_id": 5,
    "province_id": 23
  },
  {
    "id": 506,
    "created_at": "2023-05-02T19:38:54.000000Z",
    "updated_at": "2023-05-02T19:38:54.000000Z",
    "name": "San Jose",
    "code": "1705110000",
    "zip_code": "",
    "district": "Lone",
    "type": "Mun",
    "region_id": 5,
    "province_id": 23
  },
  {
    "id": 507,
    "created_at": "2023-05-02T19:38:54.000000Z",
    "updated_at": "2023-05-02T19:38:54.000000Z",
    "name": "Santa Cruz",
    "code": "1705111000",
    "zip_code": "",
    "district": "Lone",
    "type": "Mun",
    "region_id": 5,
    "province_id": 23
  },
  {
    "id": 508,
    "created_at": "2023-05-02T19:38:54.000000Z",
    "updated_at": "2023-05-02T19:38:54.000000Z",
    "name": "Baco",
    "code": "1705201000",
    "zip_code": "",
    "district": "Lone",
    "type": "Mun",
    "region_id": 5,
    "province_id": 24
  },
  {
    "id": 509,
    "created_at": "2023-05-02T19:38:54.000000Z",
    "updated_at": "2023-05-02T19:38:54.000000Z",
    "name": "Bansud",
    "code": "1705202000",
    "zip_code": "",
    "district": "Lone",
    "type": "Mun",
    "region_id": 5,
    "province_id": 24
  },
  {
    "id": 510,
    "created_at": "2023-05-02T19:38:54.000000Z",
    "updated_at": "2023-05-02T19:38:54.000000Z",
    "name": "Bongabong",
    "code": "1705203000",
    "zip_code": "",
    "district": "Lone",
    "type": "Mun",
    "region_id": 5,
    "province_id": 24
  },
  {
    "id": 511,
    "created_at": "2023-05-02T19:38:55.000000Z",
    "updated_at": "2023-05-02T19:38:55.000000Z",
    "name": "Bulalacao",
    "code": "1705204000",
    "zip_code": "",
    "district": "Lone",
    "type": "Mun",
    "region_id": 5,
    "province_id": 24
  },
  {
    "id": 512,
    "created_at": "2023-05-02T19:38:55.000000Z",
    "updated_at": "2023-05-02T19:38:55.000000Z",
    "name": "City of Calapan ",
    "code": "1705205000",
    "zip_code": "",
    "district": "Lone",
    "type": "City",
    "region_id": 5,
    "province_id": 24
  },
  {
    "id": 513,
    "created_at": "2023-05-02T19:38:55.000000Z",
    "updated_at": "2023-05-02T19:38:55.000000Z",
    "name": "Gloria",
    "code": "1705206000",
    "zip_code": "",
    "district": "Lone",
    "type": "Mun",
    "region_id": 5,
    "province_id": 24
  },
  {
    "id": 514,
    "created_at": "2023-05-02T19:38:55.000000Z",
    "updated_at": "2023-05-02T19:38:55.000000Z",
    "name": "Mansalay",
    "code": "1705207000",
    "zip_code": "",
    "district": "Lone",
    "type": "Mun",
    "region_id": 5,
    "province_id": 24
  },
  {
    "id": 515,
    "created_at": "2023-05-02T19:38:55.000000Z",
    "updated_at": "2023-05-02T19:38:55.000000Z",
    "name": "Naujan",
    "code": "1705208000",
    "zip_code": "",
    "district": "Lone",
    "type": "Mun",
    "region_id": 5,
    "province_id": 24
  },
  {
    "id": 516,
    "created_at": "2023-05-02T19:38:55.000000Z",
    "updated_at": "2023-05-02T19:38:55.000000Z",
    "name": "Pinamalayan",
    "code": "1705209000",
    "zip_code": "",
    "district": "Lone",
    "type": "Mun",
    "region_id": 5,
    "province_id": 24
  },
  {
    "id": 517,
    "created_at": "2023-05-02T19:38:55.000000Z",
    "updated_at": "2023-05-02T19:38:55.000000Z",
    "name": "Pola",
    "code": "1705210000",
    "zip_code": "",
    "district": "Lone",
    "type": "Mun",
    "region_id": 5,
    "province_id": 24
  },
  {
    "id": 518,
    "created_at": "2023-05-02T19:38:55.000000Z",
    "updated_at": "2023-05-02T19:38:55.000000Z",
    "name": "Puerto Galera",
    "code": "1705211000",
    "zip_code": "",
    "district": "Lone",
    "type": "Mun",
    "region_id": 5,
    "province_id": 24
  },
  {
    "id": 519,
    "created_at": "2023-05-02T19:38:55.000000Z",
    "updated_at": "2023-05-02T19:38:55.000000Z",
    "name": "Roxas",
    "code": "1705212000",
    "zip_code": "",
    "district": "Lone",
    "type": "Mun",
    "region_id": 5,
    "province_id": 24
  },
  {
    "id": 520,
    "created_at": "2023-05-02T19:38:55.000000Z",
    "updated_at": "2023-05-02T19:38:55.000000Z",
    "name": "San Teodoro",
    "code": "1705213000",
    "zip_code": "",
    "district": "Lone",
    "type": "Mun",
    "region_id": 5,
    "province_id": 24
  },
  {
    "id": 521,
    "created_at": "2023-05-02T19:38:55.000000Z",
    "updated_at": "2023-05-02T19:38:55.000000Z",
    "name": "Socorro",
    "code": "1705214000",
    "zip_code": "",
    "district": "Lone",
    "type": "Mun",
    "region_id": 5,
    "province_id": 24
  },
  {
    "id": 522,
    "created_at": "2023-05-02T19:38:55.000000Z",
    "updated_at": "2023-05-02T19:38:55.000000Z",
    "name": "Victoria",
    "code": "1705215000",
    "zip_code": "",
    "district": "Lone",
    "type": "Mun",
    "region_id": 5,
    "province_id": 24
  },
  {
    "id": 523,
    "created_at": "2023-05-02T19:38:55.000000Z",
    "updated_at": "2023-05-02T19:38:55.000000Z",
    "name": "Aborlan",
    "code": "1705301000",
    "zip_code": "",
    "district": "Lone",
    "type": "Mun",
    "region_id": 5,
    "province_id": 25
  },
  {
    "id": 524,
    "created_at": "2023-05-02T19:38:55.000000Z",
    "updated_at": "2023-05-02T19:38:55.000000Z",
    "name": "Agutaya",
    "code": "1705302000",
    "zip_code": "",
    "district": "Lone",
    "type": "Mun",
    "region_id": 5,
    "province_id": 25
  },
  {
    "id": 525,
    "created_at": "2023-05-02T19:38:55.000000Z",
    "updated_at": "2023-05-02T19:38:55.000000Z",
    "name": "Araceli",
    "code": "1705303000",
    "zip_code": "",
    "district": "Lone",
    "type": "Mun",
    "region_id": 5,
    "province_id": 25
  },
  {
    "id": 526,
    "created_at": "2023-05-02T19:38:55.000000Z",
    "updated_at": "2023-05-02T19:38:55.000000Z",
    "name": "Balabac",
    "code": "1705304000",
    "zip_code": "",
    "district": "Lone",
    "type": "Mun",
    "region_id": 5,
    "province_id": 25
  },
  {
    "id": 527,
    "created_at": "2023-05-02T19:38:55.000000Z",
    "updated_at": "2023-05-02T19:38:55.000000Z",
    "name": "Bataraza",
    "code": "1705305000",
    "zip_code": "",
    "district": "Lone",
    "type": "Mun",
    "region_id": 5,
    "province_id": 25
  },
  {
    "id": 528,
    "created_at": "2023-05-02T19:38:55.000000Z",
    "updated_at": "2023-05-02T19:38:55.000000Z",
    "name": "Brooke'S Point",
    "code": "1705306000",
    "zip_code": "",
    "district": "Lone",
    "type": "Mun",
    "region_id": 5,
    "province_id": 25
  },
  {
    "id": 529,
    "created_at": "2023-05-02T19:38:55.000000Z",
    "updated_at": "2023-05-02T19:38:55.000000Z",
    "name": "Busuanga",
    "code": "1705307000",
    "zip_code": "",
    "district": "Lone",
    "type": "Mun",
    "region_id": 5,
    "province_id": 25
  },
  {
    "id": 530,
    "created_at": "2023-05-02T19:38:55.000000Z",
    "updated_at": "2023-05-02T19:38:55.000000Z",
    "name": "Cagayancillo",
    "code": "1705308000",
    "zip_code": "",
    "district": "Lone",
    "type": "Mun",
    "region_id": 5,
    "province_id": 25
  },
  {
    "id": 531,
    "created_at": "2023-05-02T19:38:55.000000Z",
    "updated_at": "2023-05-02T19:38:55.000000Z",
    "name": "Coron",
    "code": "1705309000",
    "zip_code": "",
    "district": "Lone",
    "type": "Mun",
    "region_id": 5,
    "province_id": 25
  },
  {
    "id": 532,
    "created_at": "2023-05-02T19:38:55.000000Z",
    "updated_at": "2023-05-02T19:38:55.000000Z",
    "name": "Cuyo",
    "code": "1705310000",
    "zip_code": "",
    "district": "Lone",
    "type": "Mun",
    "region_id": 5,
    "province_id": 25
  },
  {
    "id": 533,
    "created_at": "2023-05-02T19:38:55.000000Z",
    "updated_at": "2023-05-02T19:38:55.000000Z",
    "name": "Dumaran",
    "code": "1705311000",
    "zip_code": "",
    "district": "Lone",
    "type": "Mun",
    "region_id": 5,
    "province_id": 25
  },
  {
    "id": 534,
    "created_at": "2023-05-02T19:38:55.000000Z",
    "updated_at": "2023-05-02T19:38:55.000000Z",
    "name": "El Nido",
    "code": "1705312000",
    "zip_code": "",
    "district": "Lone",
    "type": "Mun",
    "region_id": 5,
    "province_id": 25
  },
  {
    "id": 535,
    "created_at": "2023-05-02T19:38:55.000000Z",
    "updated_at": "2023-05-02T19:38:55.000000Z",
    "name": "Linapacan",
    "code": "1705313000",
    "zip_code": "",
    "district": "Lone",
    "type": "Mun",
    "region_id": 5,
    "province_id": 25
  },
  {
    "id": 536,
    "created_at": "2023-05-02T19:38:55.000000Z",
    "updated_at": "2023-05-02T19:38:55.000000Z",
    "name": "Magsaysay",
    "code": "1705314000",
    "zip_code": "",
    "district": "Lone",
    "type": "Mun",
    "region_id": 5,
    "province_id": 25
  },
  {
    "id": 537,
    "created_at": "2023-05-02T19:38:55.000000Z",
    "updated_at": "2023-05-02T19:38:55.000000Z",
    "name": "Narra",
    "code": "1705315000",
    "zip_code": "",
    "district": "Lone",
    "type": "Mun",
    "region_id": 5,
    "province_id": 25
  },
  {
    "id": 538,
    "created_at": "2023-05-02T19:38:55.000000Z",
    "updated_at": "2023-05-02T19:38:55.000000Z",
    "name": "City of Puerto Princesa ",
    "code": "1731500000",
    "zip_code": "",
    "district": "Lone",
    "type": "City",
    "region_id": 5,
    "province_id": 25
  },
  {
    "id": 539,
    "created_at": "2023-05-02T19:38:55.000000Z",
    "updated_at": "2023-05-02T19:38:55.000000Z",
    "name": "Quezon",
    "code": "1705317000",
    "zip_code": "",
    "district": "Lone",
    "type": "Mun",
    "region_id": 5,
    "province_id": 25
  },
  {
    "id": 540,
    "created_at": "2023-05-02T19:38:55.000000Z",
    "updated_at": "2023-05-02T19:38:55.000000Z",
    "name": "Roxas",
    "code": "1705318000",
    "zip_code": "",
    "district": "Lone",
    "type": "Mun",
    "region_id": 5,
    "province_id": 25
  },
  {
    "id": 541,
    "created_at": "2023-05-02T19:38:55.000000Z",
    "updated_at": "2023-05-02T19:38:55.000000Z",
    "name": "San Vicente",
    "code": "1705319000",
    "zip_code": "",
    "district": "Lone",
    "type": "Mun",
    "region_id": 5,
    "province_id": 25
  },
  {
    "id": 542,
    "created_at": "2023-05-02T19:38:55.000000Z",
    "updated_at": "2023-05-02T19:38:55.000000Z",
    "name": "Taytay",
    "code": "1705320000",
    "zip_code": "",
    "district": "Lone",
    "type": "Mun",
    "region_id": 5,
    "province_id": 25
  },
  {
    "id": 543,
    "created_at": "2023-05-02T19:38:55.000000Z",
    "updated_at": "2023-05-02T19:38:55.000000Z",
    "name": "Kalayaan",
    "code": "1705321000",
    "zip_code": "",
    "district": "Lone",
    "type": "Mun",
    "region_id": 5,
    "province_id": 25
  },
  {
    "id": 544,
    "created_at": "2023-05-02T19:38:55.000000Z",
    "updated_at": "2023-05-02T19:38:55.000000Z",
    "name": "Culion",
    "code": "1705322000",
    "zip_code": "",
    "district": "Lone",
    "type": "Mun",
    "region_id": 5,
    "province_id": 25
  },
  {
    "id": 545,
    "created_at": "2023-05-02T19:38:55.000000Z",
    "updated_at": "2023-05-02T19:38:55.000000Z",
    "name": "Rizal",
    "code": "1705323000",
    "zip_code": "",
    "district": "Lone",
    "type": "Mun",
    "region_id": 5,
    "province_id": 25
  },
  {
    "id": 546,
    "created_at": "2023-05-02T19:38:55.000000Z",
    "updated_at": "2023-05-02T19:38:55.000000Z",
    "name": "Sofronio Española",
    "code": "1705324000",
    "zip_code": "",
    "district": "Lone",
    "type": "Mun",
    "region_id": 5,
    "province_id": 25
  },
  {
    "id": 547,
    "created_at": "2023-05-02T19:38:56.000000Z",
    "updated_at": "2023-05-02T19:38:56.000000Z",
    "name": "Alcantara",
    "code": "1705901000",
    "zip_code": "",
    "district": "Lone",
    "type": "Mun",
    "region_id": 5,
    "province_id": 26
  },
  {
    "id": 548,
    "created_at": "2023-05-02T19:38:56.000000Z",
    "updated_at": "2023-05-02T19:38:56.000000Z",
    "name": "Banton",
    "code": "1705902000",
    "zip_code": "",
    "district": "Lone",
    "type": "Mun",
    "region_id": 5,
    "province_id": 26
  },
  {
    "id": 549,
    "created_at": "2023-05-02T19:38:56.000000Z",
    "updated_at": "2023-05-02T19:38:56.000000Z",
    "name": "Cajidiocan",
    "code": "1705903000",
    "zip_code": "",
    "district": "Lone",
    "type": "Mun",
    "region_id": 5,
    "province_id": 26
  },
  {
    "id": 550,
    "created_at": "2023-05-02T19:38:56.000000Z",
    "updated_at": "2023-05-02T19:38:56.000000Z",
    "name": "Calatrava",
    "code": "1705904000",
    "zip_code": "",
    "district": "Lone",
    "type": "Mun",
    "region_id": 5,
    "province_id": 26
  },
  {
    "id": 551,
    "created_at": "2023-05-02T19:38:56.000000Z",
    "updated_at": "2023-05-02T19:38:56.000000Z",
    "name": "Concepcion",
    "code": "1705905000",
    "zip_code": "",
    "district": "Lone",
    "type": "Mun",
    "region_id": 5,
    "province_id": 26
  },
  {
    "id": 552,
    "created_at": "2023-05-02T19:38:56.000000Z",
    "updated_at": "2023-05-02T19:38:56.000000Z",
    "name": "Corcuera",
    "code": "1705906000",
    "zip_code": "",
    "district": "Lone",
    "type": "Mun",
    "region_id": 5,
    "province_id": 26
  },
  {
    "id": 553,
    "created_at": "2023-05-02T19:38:56.000000Z",
    "updated_at": "2023-05-02T19:38:56.000000Z",
    "name": "Looc",
    "code": "1705907000",
    "zip_code": "",
    "district": "Lone",
    "type": "Mun",
    "region_id": 5,
    "province_id": 26
  },
  {
    "id": 554,
    "created_at": "2023-05-02T19:38:56.000000Z",
    "updated_at": "2023-05-02T19:38:56.000000Z",
    "name": "Magdiwang",
    "code": "1705908000",
    "zip_code": "",
    "district": "Lone",
    "type": "Mun",
    "region_id": 5,
    "province_id": 26
  },
  {
    "id": 555,
    "created_at": "2023-05-02T19:38:56.000000Z",
    "updated_at": "2023-05-02T19:38:56.000000Z",
    "name": "Odiongan",
    "code": "1705909000",
    "zip_code": "",
    "district": "Lone",
    "type": "Mun",
    "region_id": 5,
    "province_id": 26
  },
  {
    "id": 556,
    "created_at": "2023-05-02T19:38:56.000000Z",
    "updated_at": "2023-05-02T19:38:56.000000Z",
    "name": "Romblon ",
    "code": "1705910000",
    "zip_code": "",
    "district": "Lone",
    "type": "Mun",
    "region_id": 5,
    "province_id": 26
  },
  {
    "id": 557,
    "created_at": "2023-05-02T19:38:56.000000Z",
    "updated_at": "2023-05-02T19:38:56.000000Z",
    "name": "San Agustin",
    "code": "1705911000",
    "zip_code": "",
    "district": "Lone",
    "type": "Mun",
    "region_id": 5,
    "province_id": 26
  },
  {
    "id": 558,
    "created_at": "2023-05-02T19:38:56.000000Z",
    "updated_at": "2023-05-02T19:38:56.000000Z",
    "name": "San Andres",
    "code": "1705912000",
    "zip_code": "",
    "district": "Lone",
    "type": "Mun",
    "region_id": 5,
    "province_id": 26
  },
  {
    "id": 559,
    "created_at": "2023-05-02T19:38:56.000000Z",
    "updated_at": "2023-05-02T19:38:56.000000Z",
    "name": "San Fernando",
    "code": "1705913000",
    "zip_code": "",
    "district": "Lone",
    "type": "Mun",
    "region_id": 5,
    "province_id": 26
  },
  {
    "id": 560,
    "created_at": "2023-05-02T19:38:56.000000Z",
    "updated_at": "2023-05-02T19:38:56.000000Z",
    "name": "San Jose",
    "code": "1705914000",
    "zip_code": "",
    "district": "Lone",
    "type": "Mun",
    "region_id": 5,
    "province_id": 26
  },
  {
    "id": 561,
    "created_at": "2023-05-02T19:38:56.000000Z",
    "updated_at": "2023-05-02T19:38:56.000000Z",
    "name": "Santa Fe",
    "code": "1705915000",
    "zip_code": "",
    "district": "Lone",
    "type": "Mun",
    "region_id": 5,
    "province_id": 26
  },
  {
    "id": 562,
    "created_at": "2023-05-02T19:38:56.000000Z",
    "updated_at": "2023-05-02T19:38:56.000000Z",
    "name": "Ferrol",
    "code": "1705916000",
    "zip_code": "",
    "district": "Lone",
    "type": "Mun",
    "region_id": 5,
    "province_id": 26
  },
  {
    "id": 563,
    "created_at": "2023-05-02T19:38:56.000000Z",
    "updated_at": "2023-05-02T19:38:56.000000Z",
    "name": "Santa Maria",
    "code": "1705917000",
    "zip_code": "",
    "district": "Lone",
    "type": "Mun",
    "region_id": 5,
    "province_id": 26
  }
]