[
  {
    "id": 219,
    "created_at": "2023-05-02T19:38:45.000000Z",
    "updated_at": "2023-05-02T19:38:45.000000Z",
    "name": "Abucay",
    "code": "0300801000",
    "zip_code": "",
    "district": "Lone",
    "type": "Mun",
    "region_id": 3,
    "province_id": 10
  },
  {
    "id": 220,
    "created_at": "2023-05-02T19:38:45.000000Z",
    "updated_at": "2023-05-02T19:38:45.000000Z",
    "name": "Bagac",
    "code": "0300802000",
    "zip_code": "",
    "district": "Lone",
    "type": "Mun",
    "region_id": 3,
    "province_id": 10
  },
  {
    "id": 221,
    "created_at": "2023-05-02T19:38:45.000000Z",
    "updated_at": "2023-05-02T19:38:45.000000Z",
    "name": "City of Balanga ",
    "code": "0300803000",
    "zip_code": "",
    "district": "Lone",
    "type": "City",
    "region_id": 3,
    "province_id": 10
  },
  {
    "id": 222,
    "created_at": "2023-05-02T19:38:45.000000Z",
    "updated_at": "2023-05-02T19:38:45.000000Z",
    "name": "Dinalupihan",
    "code": "0300804000",
    "zip_code": "",
    "district": "Lone",
    "type": "Mun",
    "region_id": 3,
    "province_id": 10
  },
  {
    "id": 223,
    "created_at": "2023-05-02T19:38:45.000000Z",
    "updated_at": "2023-05-02T19:38:45.000000Z",
    "name": "Hermosa",
    "code": "0300805000",
    "zip_code": "",
    "district": "Lone",
    "type": "Mun",
    "region_id": 3,
    "province_id": 10
  },
  {
    "id": 224,
    "created_at": "2023-05-02T19:38:45.000000Z",
    "updated_at": "2023-05-02T19:38:45.000000Z",
    "name": "Limay",
    "code": "0300806000",
    "zip_code": "",
    "district": "Lone",
    "type": "Mun",
    "region_id": 3,
    "province_id": 10
  },
  {
    "id": 225,
    "created_at": "2023-05-02T19:38:45.000000Z",
    "updated_at": "2023-05-02T19:38:45.000000Z",
    "name": "Mariveles",
    "code": "0300807000",
    "zip_code": "",
    "district": "Lone",
    "type": "Mun",
    "region_id": 3,
    "province_id": 10
  },
  {
    "id": 226,
    "created_at": "2023-05-02T19:38:45.000000Z",
    "updated_at": "2023-05-02T19:38:45.000000Z",
    "name": "Morong",
    "code": "0300808000",
    "zip_code": "",
    "district": "Lone",
    "type": "Mun",
    "region_id": 3,
    "province_id": 10
  },
  {
    "id": 227,
    "created_at": "2023-05-02T19:38:46.000000Z",
    "updated_at": "2023-05-02T19:38:46.000000Z",
    "name": "Orani",
    "code": "0300809000",
    "zip_code": "",
    "district": "Lone",
    "type": "Mun",
    "region_id": 3,
    "province_id": 10
  },
  {
    "id": 228,
    "created_at": "2023-05-02T19:38:46.000000Z",
    "updated_at": "2023-05-02T19:38:46.000000Z",
    "name": "Orion",
    "code": "0300810000",
    "zip_code": "",
    "district": "Lone",
    "type": "Mun",
    "region_id": 3,
    "province_id": 10
  },
  {
    "id": 229,
    "created_at": "2023-05-02T19:38:46.000000Z",
    "updated_at": "2023-05-02T19:38:46.000000Z",
    "name": "Pilar",
    "code": "0300811000",
    "zip_code": "",
    "district": "Lone",
    "type": "Mun",
    "region_id": 3,
    "province_id": 10
  },
  {
    "id": 230,
    "created_at": "2023-05-02T19:38:46.000000Z",
    "updated_at": "2023-05-02T19:38:46.000000Z",
    "name": "Samal",
    "code": "0300812000",
    "zip_code": "",
    "district": "Lone",
    "type": "Mun",
    "region_id": 3,
    "province_id": 10
  },
  {
    "id": 231,
    "created_at": "2023-05-02T19:38:46.000000Z",
    "updated_at": "2023-05-02T19:38:46.000000Z",
    "name": "Angat",
    "code": "0301401000",
    "zip_code": "",
    "district": "Lone",
    "type": "Mun",
    "region_id": 3,
    "province_id": 11
  },
  {
    "id": 232,
    "created_at": "2023-05-02T19:38:46.000000Z",
    "updated_at": "2023-05-02T19:38:46.000000Z",
    "name": "Balagtas",
    "code": "0301402000",
    "zip_code": "",
    "district": "Lone",
    "type": "Mun",
    "region_id": 3,
    "province_id": 11
  },
  {
    "id": 233,
    "created_at": "2023-05-02T19:38:46.000000Z",
    "updated_at": "2023-05-02T19:38:46.000000Z",
    "name": "City of Baliwag",
    "code": "0301403000",
    "zip_code": "",
    "district": "Lone",
    "type": "City",
    "region_id": 3,
    "province_id": 11
  },
  {
    "id": 234,
    "created_at": "2023-05-02T19:38:46.000000Z",
    "updated_at": "2023-05-02T19:38:46.000000Z",
    "name": "Bocaue",
    "code": "0301404000",
    "zip_code": "",
    "district": "Lone",
    "type": "Mun",
    "region_id": 3,
    "province_id": 11
  },
  {
    "id": 235,
    "created_at": "2023-05-02T19:38:46.000000Z",
    "updated_at": "2023-05-02T19:38:46.000000Z",
    "name": "Bulacan",
    "code": "0301405000",
    "zip_code": "",
    "district": "Lone",
    "type": "Mun",
    "region_id": 3,
    "province_id": 11
  },
  {
    "id": 236,
    "created_at": "2023-05-02T19:38:46.000000Z",
    "updated_at": "2023-05-02T19:38:46.000000Z",
    "name": "Bustos",
    "code": "0301406000",
    "zip_code": "",
    "district": "Lone",
    "type": "Mun",
    "region_id": 3,
    "province_id": 11
  },
  {
    "id": 237,
    "created_at": "2023-05-02T19:38:46.000000Z",
    "updated_at": "2023-05-02T19:38:46.000000Z",
    "name": "Calumpit",
    "code": "0301407000",
    "zip_code": "",
    "district": "Lone",
    "type": "Mun",
    "region_id": 3,
    "province_id": 11
  },
  {
    "id": 238,
    "created_at": "2023-05-02T19:38:46.000000Z",
    "updated_at": "2023-05-02T19:38:46.000000Z",
    "name": "Guiguinto",
    "code": "0301408000",
    "zip_code": "",
    "district": "Lone",
    "type": "Mun",
    "region_id": 3,
    "province_id": 11
  },
  {
    "id": 239,
    "created_at": "2023-05-02T19:38:46.000000Z",
    "updated_at": "2023-05-02T19:38:46.000000Z",
    "name": "Hagonoy",
    "code": "0301409000",
    "zip_code": "",
    "district": "Lone",
    "type": "Mun",
    "region_id": 3,
    "province_id": 11
  },
  {
    "id": 240,
    "created_at": "2023-05-02T19:38:46.000000Z",
    "updated_at": "2023-05-02T19:38:46.000000Z",
    "name": "City of Malolos ",
    "code": "0301410000",
    "zip_code": "",
    "district": "Lone",
    "type": "City",
    "region_id": 3,
    "province_id": 11
  },
  {
    "id": 241,
    "created_at": "2023-05-02T19:38:46.000000Z",
    "updated_at": "2023-05-02T19:38:46.000000Z",
    "name": "Marilao",
    "code": "0301411000",
    "zip_code": "",
    "district": "Lone",
    "type": "Mun",
    "region_id": 3,
    "province_id": 11
  },
  {
    "id": 242,
    "created_at": "2023-05-02T19:38:46.000000Z",
    "updated_at": "2023-05-02T19:38:46.000000Z",
    "name": "City of Meycauayan",
    "code": "0301412000",
    "zip_code": "",
    "district": "Lone",
    "type": "City",
    "region_id": 3,
    "province_id": 11
  },
  {
    "id": 243,
    "created_at": "2023-05-02T19:38:46.000000Z",
    "updated_at": "2023-05-02T19:38:46.000000Z",
    "name": "Norzagaray",
    "code": "0301413000",
    "zip_code": "",
    "district": "Lone",
    "type": "Mun",
    "region_id": 3,
    "province_id": 11
  },
  {
    "id": 244,
    "created_at": "2023-05-02T19:38:46.000000Z",
    "updated_at": "2023-05-02T19:38:46.000000Z",
    "name": "Obando",
    "code": "0301414000",
    "zip_code": "",
    "district": "Lone",
    "type": "Mun",
    "region_id": 3,
    "province_id": 11
  },
  {
    "id": 245,
    "created_at": "2023-05-02T19:38:46.000000Z",
    "updated_at": "2023-05-02T19:38:46.000000Z",
    "name": "Pandi",
    "code": "0301415000",
    "zip_code": "",
    "district": "Lone",
    "type": "Mun",
    "region_id": 3,
    "province_id": 11
  },
  {
    "id": 246,
    "created_at": "2023-05-02T19:38:46.000000Z",
    "updated_at": "2023-05-02T19:38:46.000000Z",
    "name": "Paombong",
    "code": "0301416000",
    "zip_code": "",
    "district": "Lone",
    "type": "Mun",
    "region_id": 3,
    "province_id": 11
  },
  {
    "id": 247,
    "created_at": "2023-05-02T19:38:46.000000Z",
    "updated_at": "2023-05-02T19:38:46.000000Z",
    "name": "Plaridel",
    "code": "0301417000",
    "zip_code": "",
    "district": "Lone",
    "type": "Mun",
    "region_id": 3,
    "province_id": 11
  },
  {
    "id": 248,
    "created_at": "2023-05-02T19:38:46.000000Z",
    "updated_at": "2023-05-02T19:38:46.000000Z",
    "name": "Pulilan",
    "code": "0301418000",
    "zip_code": "",
    "district": "Lone",
    "type": "Mun",
    "region_id": 3,
    "province_id": 11
  },
  {
    "id": 249,
    "created_at": "2023-05-02T19:38:46.000000Z",
    "updated_at": "2023-05-02T19:38:46.000000Z",
    "name": "San Ildefonso",
    "code": "0301419000",
    "zip_code": "",
    "district": "Lone",
    "type": "Mun",
    "region_id": 3,
    "province_id": 11
  },
  {
    "id": 250,
    "created_at": "2023-05-02T19:38:46.000000Z",
    "updated_at": "2023-05-02T19:38:46.000000Z",
    "name": "City of San Jose Del Monte",
    "code": "0301420000",
    "zip_code": "",
    "district": "Lone",
    "type": "City",
    "region_id": 3,
    "province_id": 11
  },
  {
    "id": 251,
    "created_at": "2023-05-02T19:38:46.000000Z",
    "updated_at": "2023-05-02T19:38:46.000000Z",
    "name": "San Miguel",
    "code": "0301421000",
    "zip_code": "",
    "district": "Lone",
    "type": "Mun",
    "region_id": 3,
    "province_id": 11
  },
  {
    "id": 252,
    "created_at": "2023-05-02T19:38:46.000000Z",
    "updated_at": "2023-05-02T19:38:46.000000Z",
    "name": "San Rafael",
    "code": "0301422000",
    "zip_code": "",
    "district": "Lone",
    "type": "Mun",
    "region_id": 3,
    "province_id": 11
  },
  {
    "id": 253,
    "created_at": "2023-05-02T19:38:46.000000Z",
    "updated_at": "2023-05-02T19:38:46.000000Z",
    "name": "Santa Maria",
    "code": "0301423000",
    "zip_code": "",
    "district": "Lone",
    "type": "Mun",
    "region_id": 3,
    "province_id": 11
  },
  {
    "id": 254,
    "created_at": "2023-05-02T19:38:46.000000Z",
    "updated_at": "2023-05-02T19:38:46.000000Z",
    "name": "Doña Remedios Trinidad",
    "code": "0301424000",
    "zip_code": "",
    "district": "Lone",
    "type": "Mun",
    "region_id": 3,
    "province_id": 11
  },
  {
    "id": 255,
    "created_at": "2023-05-02T19:38:46.000000Z",
    "updated_at": "2023-05-02T19:38:46.000000Z",
    "name": "Aliaga",
    "code": "0304901000",
    "zip_code": "",
    "district": "Lone",
    "type": "Mun",
    "region_id": 3,
    "province_id": 12
  },
  {
    "id": 256,
    "created_at": "2023-05-02T19:38:46.000000Z",
    "updated_at": "2023-05-02T19:38:46.000000Z",
    "name": "Bongabon",
    "code": "0304902000",
    "zip_code": "",
    "district": "Lone",
    "type": "Mun",
    "region_id": 3,
    "province_id": 12
  },
  {
    "id": 257,
    "created_at": "2023-05-02T19:38:46.000000Z",
    "updated_at": "2023-05-02T19:38:46.000000Z",
    "name": "City of Cabanatuan",
    "code": "0304903000",
    "zip_code": "",
    "district": "Lone",
    "type": "City",
    "region_id": 3,
    "province_id": 12
  },
  {
    "id": 258,
    "created_at": "2023-05-02T19:38:47.000000Z",
    "updated_at": "2023-05-02T19:38:47.000000Z",
    "name": "Cabiao",
    "code": "0304904000",
    "zip_code": "",
    "district": "Lone",
    "type": "Mun",
    "region_id": 3,
    "province_id": 12
  },
  {
    "id": 259,
    "created_at": "2023-05-02T19:38:47.000000Z",
    "updated_at": "2023-05-02T19:38:47.000000Z",
    "name": "Carranglan",
    "code": "0304905000",
    "zip_code": "",
    "district": "Lone",
    "type": "Mun",
    "region_id": 3,
    "province_id": 12
  },
  {
    "id": 260,
    "created_at": "2023-05-02T19:38:47.000000Z",
    "updated_at": "2023-05-02T19:38:47.000000Z",
    "name": "Cuyapo",
    "code": "0304906000",
    "zip_code": "",
    "district": "Lone",
    "type": "Mun",
    "region_id": 3,
    "province_id": 12
  },
  {
    "id": 261,
    "created_at": "2023-05-02T19:38:47.000000Z",
    "updated_at": "2023-05-02T19:38:47.000000Z",
    "name": "Gabaldon",
    "code": "0304907000",
    "zip_code": "",
    "district": "Lone",
    "type": "Mun",
    "region_id": 3,
    "province_id": 12
  },
  {
    "id": 262,
    "created_at": "2023-05-02T19:38:47.000000Z",
    "updated_at": "2023-05-02T19:38:47.000000Z",
    "name": "City of Gapan",
    "code": "0304908000",
    "zip_code": "",
    "district": "Lone",
    "type": "City",
    "region_id": 3,
    "province_id": 12
  },
  {
    "id": 263,
    "created_at": "2023-05-02T19:38:47.000000Z",
    "updated_at": "2023-05-02T19:38:47.000000Z",
    "name": "General Mamerto Natividad",
    "code": "0304909000",
    "zip_code": "",
    "district": "Lone",
    "type": "Mun",
    "region_id": 3,
    "province_id": 12
  },
  {
    "id": 264,
    "created_at": "2023-05-02T19:38:47.000000Z",
    "updated_at": "2023-05-02T19:38:47.000000Z",
    "name": "General Tinio",
    "code": "0304910000",
    "zip_code": "",
    "district": "Lone",
    "type": "Mun",
    "region_id": 3,
    "province_id": 12
  },
  {
    "id": 265,
    "created_at": "2023-05-02T19:38:47.000000Z",
    "updated_at": "2023-05-02T19:38:47.000000Z",
    "name": "Guimba",
    "code": "0304911000",
    "zip_code": "",
    "district": "Lone",
    "type": "Mun",
    "region_id": 3,
    "province_id": 12
  },
  {
    "id": 266,
    "created_at": "2023-05-02T19:38:47.000000Z",
    "updated_at": "2023-05-02T19:38:47.000000Z",
    "name": "Jaen",
    "code": "0304912000",
    "zip_code": "",
    "district": "Lone",
    "type": "Mun",
    "region_id": 3,
    "province_id": 12
  },
  {
    "id": 267,
    "created_at": "2023-05-02T19:38:47.000000Z",
    "updated_at": "2023-05-02T19:38:47.000000Z",
    "name": "Laur",
    "code": "0304913000",
    "zip_code": "",
    "district": "Lone",
    "type": "Mun",
    "region_id": 3,
    "province_id": 12
  },
  {
    "id": 268,
    "created_at": "2023-05-02T19:38:47.000000Z",
    "updated_at": "2023-05-02T19:38:47.000000Z",
    "name": "Licab",
    "code": "0304914000",
    "zip_code": "",
    "district": "Lone",
    "type": "Mun",
    "region_id": 3,
    "province_id": 12
  },
  {
    "id": 269,
    "created_at": "2023-05-02T19:38:47.000000Z",
    "updated_at": "2023-05-02T19:38:47.000000Z",
    "name": "Llanera",
    "code": "0304915000",
    "zip_code": "",
    "district": "Lone",
    "type": "Mun",
    "region_id": 3,
    "province_id": 12
  },
  {
    "id": 270,
    "created_at": "2023-05-02T19:38:47.000000Z",
    "updated_at": "2023-05-02T19:38:47.000000Z",
    "name": "Lupao",
    "code": "0304916000",
    "zip_code": "",
    "district": "Lone",
    "type": "Mun",
    "region_id": 3,
    "province_id": 12
  },
  {
    "id": 271,
    "created_at": "2023-05-02T19:38:47.000000Z",
    "updated_at": "2023-05-02T19:38:47.000000Z",
    "name": "Science City of Muñoz",
    "code": "0304917000",
    "zip_code": "",
    "district": "Lone",
    "type": "City",
    "region_id": 3,
    "province_id": 12
  },
  {
    "id": 272,
    "created_at": "2023-05-02T19:38:47.000000Z",
    "updated_at": "2023-05-02T19:38:47.000000Z",
    "name": "Nampicuan",
    "code": "0304918000",
    "zip_code": "",
    "district": "Lone",
    "type": "Mun",
    "region_id": 3,
    "province_id": 12
  },
  {
    "id": 273,
    "created_at": "2023-05-02T19:38:47.000000Z",
    "updated_at": "2023-05-02T19:38:47.000000Z",
    "name": "City of Palayan ",
    "code": "0304919000",
    "zip_code": "",
    "district": "Lone",
    "type": "City",
    "region_id": 3,
    "province_id": 12
  },
  {
    "id": 274,
    "created_at": "2023-05-02T19:38:47.000000Z",
    "updated_at": "2023-05-02T19:38:47.000000Z",
    "name": "Pantabangan",
    "code": "0304920000",
    "zip_code": "",
    "district": "Lone",
    "type": "Mun",
    "region_id": 3,
    "province_id": 12
  },
  {
    "id": 275,
    "created_at": "2023-05-02T19:38:47.000000Z",
    "updated_at": "2023-05-02T19:38:47.000000Z",
    "name": "Peñaranda",
    "code": "0304921000",
    "zip_code": "",
    "district": "Lone",
    "type": "Mun",
    "region_id": 3,
    "province_id": 12
  },
  {
    "id": 276,
    "created_at": "2023-05-02T19:38:47.000000Z",
    "updated_at": "2023-05-02T19:38:47.000000Z",
    "name": "Quezon",
    "code": "0304922000",
    "zip_code": "",
    "district": "Lone",
    "type": "Mun",
    "region_id": 3,
    "province_id": 12
  },
  {
    "id": 277,
    "created_at": "2023-05-02T19:38:47.000000Z",
    "updated_at": "2023-05-02T19:38:47.000000Z",
    "name": "Rizal",
    "code": "0304923000",
    "zip_code": "",
    "district": "Lone",
    "type": "Mun",
    "region_id": 3,
    "province_id": 12
  },
  {
    "id": 278,
    "created_at": "2023-05-02T19:38:47.000000Z",
    "updated_at": "2023-05-02T19:38:47.000000Z",
    "name": "San Antonio",
    "code": "0304924000",
    "zip_code": "",
    "district": "Lone",
    "type": "Mun",
    "region_id": 3,
    "province_id": 12
  },
  {
    "id": 279,
    "created_at": "2023-05-02T19:38:47.000000Z",
    "updated_at": "2023-05-02T19:38:47.000000Z",
    "name": "San Isidro",
    "code": "0304925000",
    "zip_code": "",
    "district": "Lone",
    "type": "Mun",
    "region_id": 3,
    "province_id": 12
  },
  {
    "id": 280,
    "created_at": "2023-05-02T19:38:47.000000Z",
    "updated_at": "2023-05-02T19:38:47.000000Z",
    "name": "San Jose City",
    "code": "0304926000",
    "zip_code": "",
    "district": "Lone",
    "type": "City",
    "region_id": 3,
    "province_id": 12
  },
  {
    "id": 281,
    "created_at": "2023-05-02T19:38:47.000000Z",
    "updated_at": "2023-05-02T19:38:47.000000Z",
    "name": "San Leonardo",
    "code": "0304927000",
    "zip_code": "",
    "district": "Lone",
    "type": "Mun",
    "region_id": 3,
    "province_id": 12
  },
  {
    "id": 282,
    "created_at": "2023-05-02T19:38:47.000000Z",
    "updated_at": "2023-05-02T19:38:47.000000Z",
    "name": "Santa Rosa",
    "code": "0304928000",
    "zip_code": "",
    "district": "Lone",
    "type": "Mun",
    "region_id": 3,
    "province_id": 12
  },
  {
    "id": 283,
    "created_at": "2023-05-02T19:38:47.000000Z",
    "updated_at": "2023-05-02T19:38:47.000000Z",
    "name": "Santo Domingo",
    "code": "0304929000",
    "zip_code": "",
    "district": "Lone",
    "type": "Mun",
    "region_id": 3,
    "province_id": 12
  },
  {
    "id": 284,
    "created_at": "2023-05-02T19:38:47.000000Z",
    "updated_at": "2023-05-02T19:38:47.000000Z",
    "name": "Talavera",
    "code": "0304930000",
    "zip_code": "",
    "district": "Lone",
    "type": "Mun",
    "region_id": 3,
    "province_id": 12
  },
  {
    "id": 285,
    "created_at": "2023-05-02T19:38:47.000000Z",
    "updated_at": "2023-05-02T19:38:47.000000Z",
    "name": "Talugtug",
    "code": "0304931000",
    "zip_code": "",
    "district": "Lone",
    "type": "Mun",
    "region_id": 3,
    "province_id": 12
  },
  {
    "id": 286,
    "created_at": "2023-05-02T19:38:47.000000Z",
    "updated_at": "2023-05-02T19:38:47.000000Z",
    "name": "Zaragoza",
    "code": "0304932000",
    "zip_code": "",
    "district": "Lone",
    "type": "Mun",
    "region_id": 3,
    "province_id": 12
  },
  {
    "id": 287,
    "created_at": "2023-05-02T19:38:47.000000Z",
    "updated_at": "2023-05-02T19:38:47.000000Z",
    "name": "City of Angeles",
    "code": "0330100000",
    "zip_code": "",
    "district": "Lone",
    "type": "City",
    "region_id": 3,
    "province_id": 13
  },
  {
    "id": 288,
    "created_at": "2023-05-02T19:38:47.000000Z",
    "updated_at": "2023-05-02T19:38:47.000000Z",
    "name": "Apalit",
    "code": "0305402000",
    "zip_code": "",
    "district": "Lone",
    "type": "Mun",
    "region_id": 3,
    "province_id": 13
  },
  {
    "id": 289,
    "created_at": "2023-05-02T19:38:47.000000Z",
    "updated_at": "2023-05-02T19:38:47.000000Z",
    "name": "Arayat",
    "code": "0305403000",
    "zip_code": "",
    "district": "Lone",
    "type": "Mun",
    "region_id": 3,
    "province_id": 13
  },
  {
    "id": 290,
    "created_at": "2023-05-02T19:38:47.000000Z",
    "updated_at": "2023-05-02T19:38:47.000000Z",
    "name": "Bacolor",
    "code": "0305404000",
    "zip_code": "",
    "district": "Lone",
    "type": "Mun",
    "region_id": 3,
    "province_id": 13
  },
  {
    "id": 291,
    "created_at": "2023-05-02T19:38:47.000000Z",
    "updated_at": "2023-05-02T19:38:47.000000Z",
    "name": "Candaba",
    "code": "0305405000",
    "zip_code": "",
    "district": "Lone",
    "type": "Mun",
    "region_id": 3,
    "province_id": 13
  },
  {
    "id": 292,
    "created_at": "2023-05-02T19:38:48.000000Z",
    "updated_at": "2023-05-02T19:38:48.000000Z",
    "name": "Floridablanca",
    "code": "0305406000",
    "zip_code": "",
    "district": "Lone",
    "type": "Mun",
    "region_id": 3,
    "province_id": 13
  },
  {
    "id": 293,
    "created_at": "2023-05-02T19:38:48.000000Z",
    "updated_at": "2023-05-02T19:38:48.000000Z",
    "name": "Guagua",
    "code": "0305407000",
    "zip_code": "",
    "district": "Lone",
    "type": "Mun",
    "region_id": 3,
    "province_id": 13
  },
  {
    "id": 294,
    "created_at": "2023-05-02T19:38:48.000000Z",
    "updated_at": "2023-05-02T19:38:48.000000Z",
    "name": "Lubao",
    "code": "0305408000",
    "zip_code": "",
    "district": "Lone",
    "type": "Mun",
    "region_id": 3,
    "province_id": 13
  },
  {
    "id": 295,
    "created_at": "2023-05-02T19:38:48.000000Z",
    "updated_at": "2023-05-02T19:38:48.000000Z",
    "name": "Mabalacat City",
    "code": "0305409000",
    "zip_code": "",
    "district": "Lone",
    "type": "City",
    "region_id": 3,
    "province_id": 13
  },
  {
    "id": 296,
    "created_at": "2023-05-02T19:38:48.000000Z",
    "updated_at": "2023-05-02T19:38:48.000000Z",
    "name": "Macabebe",
    "code": "0305410000",
    "zip_code": "",
    "district": "Lone",
    "type": "Mun",
    "region_id": 3,
    "province_id": 13
  },
  {
    "id": 297,
    "created_at": "2023-05-02T19:38:48.000000Z",
    "updated_at": "2023-05-02T19:38:48.000000Z",
    "name": "Magalang",
    "code": "0305411000",
    "zip_code": "",
    "district": "Lone",
    "type": "Mun",
    "region_id": 3,
    "province_id": 13
  },
  {
    "id": 298,
    "created_at": "2023-05-02T19:38:48.000000Z",
    "updated_at": "2023-05-02T19:38:48.000000Z",
    "name": "Masantol",
    "code": "0305412000",
    "zip_code": "",
    "district": "Lone",
    "type": "Mun",
    "region_id": 3,
    "province_id": 13
  },
  {
    "id": 299,
    "created_at": "2023-05-02T19:38:48.000000Z",
    "updated_at": "2023-05-02T19:38:48.000000Z",
    "name": "Mexico",
    "code": "0305413000",
    "zip_code": "",
    "district": "Lone",
    "type": "Mun",
    "region_id": 3,
    "province_id": 13
  },
  {
    "id": 300,
    "created_at": "2023-05-02T19:38:48.000000Z",
    "updated_at": "2023-05-02T19:38:48.000000Z",
    "name": "Minalin",
    "code": "0305414000",
    "zip_code": "",
    "district": "Lone",
    "type": "Mun",
    "region_id": 3,
    "province_id": 13
  },
  {
    "id": 301,
    "created_at": "2023-05-02T19:38:48.000000Z",
    "updated_at": "2023-05-02T19:38:48.000000Z",
    "name": "Porac",
    "code": "0305415000",
    "zip_code": "",
    "district": "Lone",
    "type": "Mun",
    "region_id": 3,
    "province_id": 13
  },
  {
    "id": 302,
    "created_at": "2023-05-02T19:38:48.000000Z",
    "updated_at": "2023-05-02T19:38:48.000000Z",
    "name": "City of San Fernando ",
    "code": "0305416000",
    "zip_code": "",
    "district": "Lone",
    "type": "City",
    "region_id": 3,
    "province_id": 13
  },
  {
    "id": 303,
    "created_at": "2023-05-02T19:38:48.000000Z",
    "updated_at": "2023-05-02T19:38:48.000000Z",
    "name": "San Luis",
    "code": "0305417000",
    "zip_code": "",
    "district": "Lone",
    "type": "Mun",
    "region_id": 3,
    "province_id": 13
  },
  {
    "id": 304,
    "created_at": "2023-05-02T19:38:48.000000Z",
    "updated_at": "2023-05-02T19:38:48.000000Z",
    "name": "San Simon",
    "code": "0305418000",
    "zip_code": "",
    "district": "Lone",
    "type": "Mun",
    "region_id": 3,
    "province_id": 13
  },
  {
    "id": 305,
    "created_at": "2023-05-02T19:38:48.000000Z",
    "updated_at": "2023-05-02T19:38:48.000000Z",
    "name": "Santa Ana",
    "code": "0305419000",
    "zip_code": "",
    "district": "Lone",
    "type": "Mun",
    "region_id": 3,
    "province_id": 13
  },
  {
    "id": 306,
    "created_at": "2023-05-02T19:38:48.000000Z",
    "updated_at": "2023-05-02T19:38:48.000000Z",
    "name": "Santa Rita",
    "code": "0305420000",
    "zip_code": "",
    "district": "Lone",
    "type": "Mun",
    "region_id": 3,
    "province_id": 13
  },
  {
    "id": 307,
    "created_at": "2023-05-02T19:38:48.000000Z",
    "updated_at": "2023-05-02T19:38:48.000000Z",
    "name": "Sto. Tomas",
    "code": "0305421000",
    "zip_code": "",
    "district": "Lone",
    "type": "Mun",
    "region_id": 3,
    "province_id": 13
  },
  {
    "id": 308,
    "created_at": "2023-05-02T19:38:48.000000Z",
    "updated_at": "2023-05-02T19:38:48.000000Z",
    "name": "Sasmuan",
    "code": "0305422000",
    "zip_code": "",
    "district": "Lone",
    "type": "Mun",
    "region_id": 3,
    "province_id": 13
  },
  {
    "id": 309,
    "created_at": "2023-05-02T19:38:48.000000Z",
    "updated_at": "2023-05-02T19:38:48.000000Z",
    "name": "Anao",
    "code": "0306901000",
    "zip_code": "",
    "district": "Lone",
    "type": "Mun",
    "region_id": 3,
    "province_id": 14
  },
  {
    "id": 310,
    "created_at": "2023-05-02T19:38:48.000000Z",
    "updated_at": "2023-05-02T19:38:48.000000Z",
    "name": "Bamban",
    "code": "0306902000",
    "zip_code": "",
    "district": "Lone",
    "type": "Mun",
    "region_id": 3,
    "province_id": 14
  },
  {
    "id": 311,
    "created_at": "2023-05-02T19:38:48.000000Z",
    "updated_at": "2023-05-02T19:38:48.000000Z",
    "name": "Camiling",
    "code": "0306903000",
    "zip_code": "",
    "district": "Lone",
    "type": "Mun",
    "region_id": 3,
    "province_id": 14
  },
  {
    "id": 312,
    "created_at": "2023-05-02T19:38:48.000000Z",
    "updated_at": "2023-05-02T19:38:48.000000Z",
    "name": "Capas",
    "code": "0306904000",
    "zip_code": "",
    "district": "Lone",
    "type": "Mun",
    "region_id": 3,
    "province_id": 14
  },
  {
    "id": 313,
    "created_at": "2023-05-02T19:38:48.000000Z",
    "updated_at": "2023-05-02T19:38:48.000000Z",
    "name": "Concepcion",
    "code": "0306905000",
    "zip_code": "",
    "district": "Lone",
    "type": "Mun",
    "region_id": 3,
    "province_id": 14
  },
  {
    "id": 314,
    "created_at": "2023-05-02T19:38:48.000000Z",
    "updated_at": "2023-05-02T19:38:48.000000Z",
    "name": "Gerona",
    "code": "0306906000",
    "zip_code": "",
    "district": "Lone",
    "type": "Mun",
    "region_id": 3,
    "province_id": 14
  },
  {
    "id": 315,
    "created_at": "2023-05-02T19:38:48.000000Z",
    "updated_at": "2023-05-02T19:38:48.000000Z",
    "name": "La Paz",
    "code": "0306907000",
    "zip_code": "",
    "district": "Lone",
    "type": "Mun",
    "region_id": 3,
    "province_id": 14
  },
  {
    "id": 316,
    "created_at": "2023-05-02T19:38:48.000000Z",
    "updated_at": "2023-05-02T19:38:48.000000Z",
    "name": "Mayantoc",
    "code": "0306908000",
    "zip_code": "",
    "district": "Lone",
    "type": "Mun",
    "region_id": 3,
    "province_id": 14
  },
  {
    "id": 317,
    "created_at": "2023-05-02T19:38:48.000000Z",
    "updated_at": "2023-05-02T19:38:48.000000Z",
    "name": "Moncada",
    "code": "0306909000",
    "zip_code": "",
    "district": "Lone",
    "type": "Mun",
    "region_id": 3,
    "province_id": 14
  },
  {
    "id": 318,
    "created_at": "2023-05-02T19:38:48.000000Z",
    "updated_at": "2023-05-02T19:38:48.000000Z",
    "name": "Paniqui",
    "code": "0306910000",
    "zip_code": "",
    "district": "Lone",
    "type": "Mun",
    "region_id": 3,
    "province_id": 14
  },
  {
    "id": 319,
    "created_at": "2023-05-02T19:38:48.000000Z",
    "updated_at": "2023-05-02T19:38:48.000000Z",
    "name": "Pura",
    "code": "0306911000",
    "zip_code": "",
    "district": "Lone",
    "type": "Mun",
    "region_id": 3,
    "province_id": 14
  },
  {
    "id": 320,
    "created_at": "2023-05-02T19:38:48.000000Z",
    "updated_at": "2023-05-02T19:38:48.000000Z",
    "name": "Ramos",
    "code": "0306912000",
    "zip_code": "",
    "district": "Lone",
    "type": "Mun",
    "region_id": 3,
    "province_id": 14
  },
  {
    "id": 321,
    "created_at": "2023-05-02T19:38:48.000000Z",
    "updated_at": "2023-05-02T19:38:48.000000Z",
    "name": "San Clemente",
    "code": "0306913000",
    "zip_code": "",
    "district": "Lone",
    "type": "Mun",
    "region_id": 3,
    "province_id": 14
  },
  {
    "id": 322,
    "created_at": "2023-05-02T19:38:48.000000Z",
    "updated_at": "2023-05-02T19:38:48.000000Z",
    "name": "San Manuel",
    "code": "0306914000",
    "zip_code": "",
    "district": "Lone",
    "type": "Mun",
    "region_id": 3,
    "province_id": 14
  },
  {
    "id": 323,
    "created_at": "2023-05-02T19:38:48.000000Z",
    "updated_at": "2023-05-02T19:38:48.000000Z",
    "name": "Santa Ignacia",
    "code": "0306915000",
    "zip_code": "",
    "district": "Lone",
    "type": "Mun",
    "region_id": 3,
    "province_id": 14
  },
  {
    "id": 324,
    "created_at": "2023-05-02T19:38:49.000000Z",
    "updated_at": "2023-05-02T19:38:49.000000Z",
    "name": "City of Tarlac ",
    "code": "0306916000",
    "zip_code": "",
    "district": "Lone",
    "type": "City",
    "region_id": 3,
    "province_id": 14
  },
  {
    "id": 325,
    "created_at": "2023-05-02T19:38:49.000000Z",
    "updated_at": "2023-05-02T19:38:49.000000Z",
    "name": "Victoria",
    "code": "0306917000",
    "zip_code": "",
    "district": "Lone",
    "type": "Mun",
    "region_id": 3,
    "province_id": 14
  },
  {
    "id": 326,
    "created_at": "2023-05-02T19:38:49.000000Z",
    "updated_at": "2023-05-02T19:38:49.000000Z",
    "name": "San Jose",
    "code": "0306918000",
    "zip_code": "",
    "district": "Lone",
    "type": "Mun",
    "region_id": 3,
    "province_id": 14
  },
  {
    "id": 327,
    "created_at": "2023-05-02T19:38:49.000000Z",
    "updated_at": "2023-05-02T19:38:49.000000Z",
    "name": "Botolan",
    "code": "0307101000",
    "zip_code": "",
    "district": "Lone",
    "type": "Mun",
    "region_id": 3,
    "province_id": 15
  },
  {
    "id": 328,
    "created_at": "2023-05-02T19:38:49.000000Z",
    "updated_at": "2023-05-02T19:38:49.000000Z",
    "name": "Cabangan",
    "code": "0307102000",
    "zip_code": "",
    "district": "Lone",
    "type": "Mun",
    "region_id": 3,
    "province_id": 15
  },
  {
    "id": 329,
    "created_at": "2023-05-02T19:38:49.000000Z",
    "updated_at": "2023-05-02T19:38:49.000000Z",
    "name": "Candelaria",
    "code": "0307103000",
    "zip_code": "",
    "district": "Lone",
    "type": "Mun",
    "region_id": 3,
    "province_id": 15
  },
  {
    "id": 330,
    "created_at": "2023-05-02T19:38:49.000000Z",
    "updated_at": "2023-05-02T19:38:49.000000Z",
    "name": "Castillejos",
    "code": "0307104000",
    "zip_code": "",
    "district": "Lone",
    "type": "Mun",
    "region_id": 3,
    "province_id": 15
  },
  {
    "id": 331,
    "created_at": "2023-05-02T19:38:49.000000Z",
    "updated_at": "2023-05-02T19:38:49.000000Z",
    "name": "Iba ",
    "code": "0307105000",
    "zip_code": "",
    "district": "Lone",
    "type": "Mun",
    "region_id": 3,
    "province_id": 15
  },
  {
    "id": 332,
    "created_at": "2023-05-02T19:38:49.000000Z",
    "updated_at": "2023-05-02T19:38:49.000000Z",
    "name": "Masinloc",
    "code": "0307106000",
    "zip_code": "",
    "district": "Lone",
    "type": "Mun",
    "region_id": 3,
    "province_id": 15
  },
  {
    "id": 333,
    "created_at": "2023-05-02T19:38:49.000000Z",
    "updated_at": "2023-05-02T19:38:49.000000Z",
    "name": "City of Olongapo",
    "code": "0331400000",
    "zip_code": "",
    "district": "Lone",
    "type": "City",
    "region_id": 3,
    "province_id": 15
  },
  {
    "id": 334,
    "created_at": "2023-05-02T19:38:49.000000Z",
    "updated_at": "2023-05-02T19:38:49.000000Z",
    "name": "Palauig",
    "code": "0307108000",
    "zip_code": "",
    "district": "Lone",
    "type": "Mun",
    "region_id": 3,
    "province_id": 15
  },
  {
    "id": 335,
    "created_at": "2023-05-02T19:38:49.000000Z",
    "updated_at": "2023-05-02T19:38:49.000000Z",
    "name": "San Antonio",
    "code": "0307109000",
    "zip_code": "",
    "district": "Lone",
    "type": "Mun",
    "region_id": 3,
    "province_id": 15
  },
  {
    "id": 336,
    "created_at": "2023-05-02T19:38:49.000000Z",
    "updated_at": "2023-05-02T19:38:49.000000Z",
    "name": "San Felipe",
    "code": "0307110000",
    "zip_code": "",
    "district": "Lone",
    "type": "Mun",
    "region_id": 3,
    "province_id": 15
  },
  {
    "id": 337,
    "created_at": "2023-05-02T19:38:49.000000Z",
    "updated_at": "2023-05-02T19:38:49.000000Z",
    "name": "San Marcelino",
    "code": "0307111000",
    "zip_code": "",
    "district": "Lone",
    "type": "Mun",
    "region_id": 3,
    "province_id": 15
  },
  {
    "id": 338,
    "created_at": "2023-05-02T19:38:49.000000Z",
    "updated_at": "2023-05-02T19:38:49.000000Z",
    "name": "San Narciso",
    "code": "0307112000",
    "zip_code": "",
    "district": "Lone",
    "type": "Mun",
    "region_id": 3,
    "province_id": 15
  },
  {
    "id": 339,
    "created_at": "2023-05-02T19:38:49.000000Z",
    "updated_at": "2023-05-02T19:38:49.000000Z",
    "name": "Santa Cruz",
    "code": "0307113000",
    "zip_code": "",
    "district": "Lone",
    "type": "Mun",
    "region_id": 3,
    "province_id": 15
  },
  {
    "id": 340,
    "created_at": "2023-05-02T19:38:49.000000Z",
    "updated_at": "2023-05-02T19:38:49.000000Z",
    "name": "Subic",
    "code": "0307114000",
    "zip_code": "",
    "district": "Lone",
    "type": "Mun",
    "region_id": 3,
    "province_id": 15
  },
  {
    "id": 341,
    "created_at": "2023-05-02T19:38:49.000000Z",
    "updated_at": "2023-05-02T19:38:49.000000Z",
    "name": "Baler ",
    "code": "0307701000",
    "zip_code": "",
    "district": "Lone",
    "type": "Mun",
    "region_id": 3,
    "province_id": 16
  },
  {
    "id": 342,
    "created_at": "2023-05-02T19:38:49.000000Z",
    "updated_at": "2023-05-02T19:38:49.000000Z",
    "name": "Casiguran",
    "code": "0307702000",
    "zip_code": "",
    "district": "Lone",
    "type": "Mun",
    "region_id": 3,
    "province_id": 16
  },
  {
    "id": 343,
    "created_at": "2023-05-02T19:38:49.000000Z",
    "updated_at": "2023-05-02T19:38:49.000000Z",
    "name": "Dilasag",
    "code": "0307703000",
    "zip_code": "",
    "district": "Lone",
    "type": "Mun",
    "region_id": 3,
    "province_id": 16
  },
  {
    "id": 344,
    "created_at": "2023-05-02T19:38:49.000000Z",
    "updated_at": "2023-05-02T19:38:49.000000Z",
    "name": "Dinalungan",
    "code": "0307704000",
    "zip_code": "",
    "district": "Lone",
    "type": "Mun",
    "region_id": 3,
    "province_id": 16
  },
  {
    "id": 345,
    "created_at": "2023-05-02T19:38:49.000000Z",
    "updated_at": "2023-05-02T19:38:49.000000Z",
    "name": "Dingalan",
    "code": "0307705000",
    "zip_code": "",
    "district": "Lone",
    "type": "Mun",
    "region_id": 3,
    "province_id": 16
  },
  {
    "id": 346,
    "created_at": "2023-05-02T19:38:49.000000Z",
    "updated_at": "2023-05-02T19:38:49.000000Z",
    "name": "Dipaculao",
    "code": "0307706000",
    "zip_code": "",
    "district": "Lone",
    "type": "Mun",
    "region_id": 3,
    "province_id": 16
  },
  {
    "id": 347,
    "created_at": "2023-05-02T19:38:49.000000Z",
    "updated_at": "2023-05-02T19:38:49.000000Z",
    "name": "Maria Aurora",
    "code": "0307707000",
    "zip_code": "",
    "district": "Lone",
    "type": "Mun",
    "region_id": 3,
    "province_id": 16
  },
  {
    "id": 348,
    "created_at": "2023-05-02T19:38:49.000000Z",
    "updated_at": "2023-05-02T19:38:49.000000Z",
    "name": "San Luis",
    "code": "0307708000",
    "zip_code": "",
    "district": "Lone",
    "type": "Mun",
    "region_id": 3,
    "province_id": 16
  }
]