[
  {
    "id": 678,
    "created_at": "2023-05-02T19:39:00.000000Z",
    "updated_at": "2023-05-02T19:39:00.000000Z",
    "name": "Altavas",
    "code": "0600401000",
    "zip_code": "",
    "district": "Lone",
    "type": "Mun",
    "region_id": 7,
    "province_id": 33
  },
  {
    "id": 679,
    "created_at": "2023-05-02T19:39:00.000000Z",
    "updated_at": "2023-05-02T19:39:00.000000Z",
    "name": "Balete",
    "code": "0600402000",
    "zip_code": "",
    "district": "Lone",
    "type": "Mun",
    "region_id": 7,
    "province_id": 33
  },
  {
    "id": 680,
    "created_at": "2023-05-02T19:39:00.000000Z",
    "updated_at": "2023-05-02T19:39:00.000000Z",
    "name": "Banga",
    "code": "0600403000",
    "zip_code": "",
    "district": "Lone",
    "type": "Mun",
    "region_id": 7,
    "province_id": 33
  },
  {
    "id": 681,
    "created_at": "2023-05-02T19:39:00.000000Z",
    "updated_at": "2023-05-02T19:39:00.000000Z",
    "name": "Batan",
    "code": "0600404000",
    "zip_code": "",
    "district": "Lone",
    "type": "Mun",
    "region_id": 7,
    "province_id": 33
  },
  {
    "id": 682,
    "created_at": "2023-05-02T19:39:00.000000Z",
    "updated_at": "2023-05-02T19:39:00.000000Z",
    "name": "Buruanga",
    "code": "0600405000",
    "zip_code": "",
    "district": "Lone",
    "type": "Mun",
    "region_id": 7,
    "province_id": 33
  },
  {
    "id": 683,
    "created_at": "2023-05-02T19:39:00.000000Z",
    "updated_at": "2023-05-02T19:39:00.000000Z",
    "name": "Ibajay",
    "code": "0600406000",
    "zip_code": "",
    "district": "Lone",
    "type": "Mun",
    "region_id": 7,
    "province_id": 33
  },
  {
    "id": 684,
    "created_at": "2023-05-02T19:39:00.000000Z",
    "updated_at": "2023-05-02T19:39:00.000000Z",
    "name": "Kalibo ",
    "code": "0600407000",
    "zip_code": "",
    "district": "Lone",
    "type": "Mun",
    "region_id": 7,
    "province_id": 33
  },
  {
    "id": 685,
    "created_at": "2023-05-02T19:39:00.000000Z",
    "updated_at": "2023-05-02T19:39:00.000000Z",
    "name": "Lezo",
    "code": "0600408000",
    "zip_code": "",
    "district": "Lone",
    "type": "Mun",
    "region_id": 7,
    "province_id": 33
  },
  {
    "id": 686,
    "created_at": "2023-05-02T19:39:00.000000Z",
    "updated_at": "2023-05-02T19:39:00.000000Z",
    "name": "Libacao",
    "code": "0600409000",
    "zip_code": "",
    "district": "Lone",
    "type": "Mun",
    "region_id": 7,
    "province_id": 33
  },
  {
    "id": 687,
    "created_at": "2023-05-02T19:39:00.000000Z",
    "updated_at": "2023-05-02T19:39:00.000000Z",
    "name": "Madalag",
    "code": "0600410000",
    "zip_code": "",
    "district": "Lone",
    "type": "Mun",
    "region_id": 7,
    "province_id": 33
  },
  {
    "id": 688,
    "created_at": "2023-05-02T19:39:00.000000Z",
    "updated_at": "2023-05-02T19:39:00.000000Z",
    "name": "Makato",
    "code": "0600411000",
    "zip_code": "",
    "district": "Lone",
    "type": "Mun",
    "region_id": 7,
    "province_id": 33
  },
  {
    "id": 689,
    "created_at": "2023-05-02T19:39:00.000000Z",
    "updated_at": "2023-05-02T19:39:00.000000Z",
    "name": "Malay",
    "code": "0600412000",
    "zip_code": "",
    "district": "Lone",
    "type": "Mun",
    "region_id": 7,
    "province_id": 33
  },
  {
    "id": 690,
    "created_at": "2023-05-02T19:39:00.000000Z",
    "updated_at": "2023-05-02T19:39:00.000000Z",
    "name": "Malinao",
    "code": "0600413000",
    "zip_code": "",
    "district": "Lone",
    "type": "Mun",
    "region_id": 7,
    "province_id": 33
  },
  {
    "id": 691,
    "created_at": "2023-05-02T19:39:00.000000Z",
    "updated_at": "2023-05-02T19:39:00.000000Z",
    "name": "Nabas",
    "code": "0600414000",
    "zip_code": "",
    "district": "Lone",
    "type": "Mun",
    "region_id": 7,
    "province_id": 33
  },
  {
    "id": 692,
    "created_at": "2023-05-02T19:39:00.000000Z",
    "updated_at": "2023-05-02T19:39:00.000000Z",
    "name": "New Washington",
    "code": "0600415000",
    "zip_code": "",
    "district": "Lone",
    "type": "Mun",
    "region_id": 7,
    "province_id": 33
  },
  {
    "id": 693,
    "created_at": "2023-05-02T19:39:00.000000Z",
    "updated_at": "2023-05-02T19:39:00.000000Z",
    "name": "Numancia",
    "code": "0600416000",
    "zip_code": "",
    "district": "Lone",
    "type": "Mun",
    "region_id": 7,
    "province_id": 33
  },
  {
    "id": 694,
    "created_at": "2023-05-02T19:39:00.000000Z",
    "updated_at": "2023-05-02T19:39:00.000000Z",
    "name": "Tangalan",
    "code": "0600417000",
    "zip_code": "",
    "district": "Lone",
    "type": "Mun",
    "region_id": 7,
    "province_id": 33
  },
  {
    "id": 695,
    "created_at": "2023-05-02T19:39:00.000000Z",
    "updated_at": "2023-05-02T19:39:00.000000Z",
    "name": "Anini-Y",
    "code": "0600601000",
    "zip_code": "",
    "district": "Lone",
    "type": "Mun",
    "region_id": 7,
    "province_id": 34
  },
  {
    "id": 696,
    "created_at": "2023-05-02T19:39:00.000000Z",
    "updated_at": "2023-05-02T19:39:00.000000Z",
    "name": "Barbaza",
    "code": "0600602000",
    "zip_code": "",
    "district": "Lone",
    "type": "Mun",
    "region_id": 7,
    "province_id": 34
  },
  {
    "id": 697,
    "created_at": "2023-05-02T19:39:00.000000Z",
    "updated_at": "2023-05-02T19:39:00.000000Z",
    "name": "Belison",
    "code": "0600603000",
    "zip_code": "",
    "district": "Lone",
    "type": "Mun",
    "region_id": 7,
    "province_id": 34
  },
  {
    "id": 698,
    "created_at": "2023-05-02T19:39:00.000000Z",
    "updated_at": "2023-05-02T19:39:00.000000Z",
    "name": "Bugasong",
    "code": "0600604000",
    "zip_code": "",
    "district": "Lone",
    "type": "Mun",
    "region_id": 7,
    "province_id": 34
  },
  {
    "id": 699,
    "created_at": "2023-05-02T19:39:00.000000Z",
    "updated_at": "2023-05-02T19:39:00.000000Z",
    "name": "Caluya",
    "code": "0600605000",
    "zip_code": "",
    "district": "Lone",
    "type": "Mun",
    "region_id": 7,
    "province_id": 34
  },
  {
    "id": 700,
    "created_at": "2023-05-02T19:39:00.000000Z",
    "updated_at": "2023-05-02T19:39:00.000000Z",
    "name": "Culasi",
    "code": "0600606000",
    "zip_code": "",
    "district": "Lone",
    "type": "Mun",
    "region_id": 7,
    "province_id": 34
  },
  {
    "id": 701,
    "created_at": "2023-05-02T19:39:00.000000Z",
    "updated_at": "2023-05-02T19:39:00.000000Z",
    "name": "Tobias Fornier",
    "code": "0600607000",
    "zip_code": "",
    "district": "Lone",
    "type": "Mun",
    "region_id": 7,
    "province_id": 34
  },
  {
    "id": 702,
    "created_at": "2023-05-02T19:39:01.000000Z",
    "updated_at": "2023-05-02T19:39:01.000000Z",
    "name": "Hamtic",
    "code": "0600608000",
    "zip_code": "",
    "district": "Lone",
    "type": "Mun",
    "region_id": 7,
    "province_id": 34
  },
  {
    "id": 703,
    "created_at": "2023-05-02T19:39:01.000000Z",
    "updated_at": "2023-05-02T19:39:01.000000Z",
    "name": "Laua-An",
    "code": "0600609000",
    "zip_code": "",
    "district": "Lone",
    "type": "Mun",
    "region_id": 7,
    "province_id": 34
  },
  {
    "id": 704,
    "created_at": "2023-05-02T19:39:01.000000Z",
    "updated_at": "2023-05-02T19:39:01.000000Z",
    "name": "Libertad",
    "code": "0600610000",
    "zip_code": "",
    "district": "Lone",
    "type": "Mun",
    "region_id": 7,
    "province_id": 34
  },
  {
    "id": 705,
    "created_at": "2023-05-02T19:39:01.000000Z",
    "updated_at": "2023-05-02T19:39:01.000000Z",
    "name": "Pandan",
    "code": "0600611000",
    "zip_code": "",
    "district": "Lone",
    "type": "Mun",
    "region_id": 7,
    "province_id": 34
  },
  {
    "id": 706,
    "created_at": "2023-05-02T19:39:01.000000Z",
    "updated_at": "2023-05-02T19:39:01.000000Z",
    "name": "Patnongon",
    "code": "0600612000",
    "zip_code": "",
    "district": "Lone",
    "type": "Mun",
    "region_id": 7,
    "province_id": 34
  },
  {
    "id": 707,
    "created_at": "2023-05-02T19:39:01.000000Z",
    "updated_at": "2023-05-02T19:39:01.000000Z",
    "name": "San Jose ",
    "code": "0600613000",
    "zip_code": "",
    "district": "Lone",
    "type": "Mun",
    "region_id": 7,
    "province_id": 34
  },
  {
    "id": 708,
    "created_at": "2023-05-02T19:39:01.000000Z",
    "updated_at": "2023-05-02T19:39:01.000000Z",
    "name": "San Remigio",
    "code": "0600614000",
    "zip_code": "",
    "district": "Lone",
    "type": "Mun",
    "region_id": 7,
    "province_id": 34
  },
  {
    "id": 709,
    "created_at": "2023-05-02T19:39:01.000000Z",
    "updated_at": "2023-05-02T19:39:01.000000Z",
    "name": "Sebaste",
    "code": "0600615000",
    "zip_code": "",
    "district": "Lone",
    "type": "Mun",
    "region_id": 7,
    "province_id": 34
  },
  {
    "id": 710,
    "created_at": "2023-05-02T19:39:01.000000Z",
    "updated_at": "2023-05-02T19:39:01.000000Z",
    "name": "Sibalom",
    "code": "0600616000",
    "zip_code": "",
    "district": "Lone",
    "type": "Mun",
    "region_id": 7,
    "province_id": 34
  },
  {
    "id": 711,
    "created_at": "2023-05-02T19:39:01.000000Z",
    "updated_at": "2023-05-02T19:39:01.000000Z",
    "name": "Tibiao",
    "code": "0600617000",
    "zip_code": "",
    "district": "Lone",
    "type": "Mun",
    "region_id": 7,
    "province_id": 34
  },
  {
    "id": 712,
    "created_at": "2023-05-02T19:39:01.000000Z",
    "updated_at": "2023-05-02T19:39:01.000000Z",
    "name": "Valderrama",
    "code": "0600618000",
    "zip_code": "",
    "district": "Lone",
    "type": "Mun",
    "region_id": 7,
    "province_id": 34
  },
  {
    "id": 713,
    "created_at": "2023-05-02T19:39:01.000000Z",
    "updated_at": "2023-05-02T19:39:01.000000Z",
    "name": "Cuartero",
    "code": "0601901000",
    "zip_code": "",
    "district": "Lone",
    "type": "Mun",
    "region_id": 7,
    "province_id": 35
  },
  {
    "id": 714,
    "created_at": "2023-05-02T19:39:01.000000Z",
    "updated_at": "2023-05-02T19:39:01.000000Z",
    "name": "Dao",
    "code": "0601902000",
    "zip_code": "",
    "district": "Lone",
    "type": "Mun",
    "region_id": 7,
    "province_id": 35
  },
  {
    "id": 715,
    "created_at": "2023-05-02T19:39:01.000000Z",
    "updated_at": "2023-05-02T19:39:01.000000Z",
    "name": "Dumalag",
    "code": "0601903000",
    "zip_code": "",
    "district": "Lone",
    "type": "Mun",
    "region_id": 7,
    "province_id": 35
  },
  {
    "id": 716,
    "created_at": "2023-05-02T19:39:01.000000Z",
    "updated_at": "2023-05-02T19:39:01.000000Z",
    "name": "Dumarao",
    "code": "0601904000",
    "zip_code": "",
    "district": "Lone",
    "type": "Mun",
    "region_id": 7,
    "province_id": 35
  },
  {
    "id": 717,
    "created_at": "2023-05-02T19:39:01.000000Z",
    "updated_at": "2023-05-02T19:39:01.000000Z",
    "name": "Ivisan",
    "code": "0601905000",
    "zip_code": "",
    "district": "Lone",
    "type": "Mun",
    "region_id": 7,
    "province_id": 35
  },
  {
    "id": 718,
    "created_at": "2023-05-02T19:39:01.000000Z",
    "updated_at": "2023-05-02T19:39:01.000000Z",
    "name": "Jamindan",
    "code": "0601906000",
    "zip_code": "",
    "district": "Lone",
    "type": "Mun",
    "region_id": 7,
    "province_id": 35
  },
  {
    "id": 719,
    "created_at": "2023-05-02T19:39:01.000000Z",
    "updated_at": "2023-05-02T19:39:01.000000Z",
    "name": "Ma-Ayon",
    "code": "0601907000",
    "zip_code": "",
    "district": "Lone",
    "type": "Mun",
    "region_id": 7,
    "province_id": 35
  },
  {
    "id": 720,
    "created_at": "2023-05-02T19:39:01.000000Z",
    "updated_at": "2023-05-02T19:39:01.000000Z",
    "name": "Mambusao",
    "code": "0601908000",
    "zip_code": "",
    "district": "Lone",
    "type": "Mun",
    "region_id": 7,
    "province_id": 35
  },
  {
    "id": 721,
    "created_at": "2023-05-02T19:39:01.000000Z",
    "updated_at": "2023-05-02T19:39:01.000000Z",
    "name": "Panay",
    "code": "0601909000",
    "zip_code": "",
    "district": "Lone",
    "type": "Mun",
    "region_id": 7,
    "province_id": 35
  },
  {
    "id": 722,
    "created_at": "2023-05-02T19:39:01.000000Z",
    "updated_at": "2023-05-02T19:39:01.000000Z",
    "name": "Panitan",
    "code": "0601910000",
    "zip_code": "",
    "district": "Lone",
    "type": "Mun",
    "region_id": 7,
    "province_id": 35
  },
  {
    "id": 723,
    "created_at": "2023-05-02T19:39:01.000000Z",
    "updated_at": "2023-05-02T19:39:01.000000Z",
    "name": "Pilar",
    "code": "0601911000",
    "zip_code": "",
    "district": "Lone",
    "type": "Mun",
    "region_id": 7,
    "province_id": 35
  },
  {
    "id": 724,
    "created_at": "2023-05-02T19:39:01.000000Z",
    "updated_at": "2023-05-02T19:39:01.000000Z",
    "name": "Pontevedra",
    "code": "0601912000",
    "zip_code": "",
    "district": "Lone",
    "type": "Mun",
    "region_id": 7,
    "province_id": 35
  },
  {
    "id": 725,
    "created_at": "2023-05-02T19:39:01.000000Z",
    "updated_at": "2023-05-02T19:39:01.000000Z",
    "name": "President Roxas",
    "code": "0601913000",
    "zip_code": "",
    "district": "Lone",
    "type": "Mun",
    "region_id": 7,
    "province_id": 35
  },
  {
    "id": 726,
    "created_at": "2023-05-02T19:39:01.000000Z",
    "updated_at": "2023-05-02T19:39:01.000000Z",
    "name": "City of Roxas ",
    "code": "0601914000",
    "zip_code": "",
    "district": "Lone",
    "type": "City",
    "region_id": 7,
    "province_id": 35
  },
  {
    "id": 727,
    "created_at": "2023-05-02T19:39:01.000000Z",
    "updated_at": "2023-05-02T19:39:01.000000Z",
    "name": "Sapi-An",
    "code": "0601915000",
    "zip_code": "",
    "district": "Lone",
    "type": "Mun",
    "region_id": 7,
    "province_id": 35
  },
  {
    "id": 728,
    "created_at": "2023-05-02T19:39:01.000000Z",
    "updated_at": "2023-05-02T19:39:01.000000Z",
    "name": "Sigma",
    "code": "0601916000",
    "zip_code": "",
    "district": "Lone",
    "type": "Mun",
    "region_id": 7,
    "province_id": 35
  },
  {
    "id": 729,
    "created_at": "2023-05-02T19:39:02.000000Z",
    "updated_at": "2023-05-02T19:39:02.000000Z",
    "name": "Tapaz",
    "code": "0601917000",
    "zip_code": "",
    "district": "Lone",
    "type": "Mun",
    "region_id": 7,
    "province_id": 35
  },
  {
    "id": 730,
    "created_at": "2023-05-02T19:39:02.000000Z",
    "updated_at": "2023-05-02T19:39:02.000000Z",
    "name": "Ajuy",
    "code": "0603001000",
    "zip_code": "",
    "district": "Lone",
    "type": "Mun",
    "region_id": 7,
    "province_id": 36
  },
  {
    "id": 731,
    "created_at": "2023-05-02T19:39:02.000000Z",
    "updated_at": "2023-05-02T19:39:02.000000Z",
    "name": "Alimodian",
    "code": "0603002000",
    "zip_code": "",
    "district": "Lone",
    "type": "Mun",
    "region_id": 7,
    "province_id": 36
  },
  {
    "id": 732,
    "created_at": "2023-05-02T19:39:02.000000Z",
    "updated_at": "2023-05-02T19:39:02.000000Z",
    "name": "Anilao",
    "code": "0603003000",
    "zip_code": "",
    "district": "Lone",
    "type": "Mun",
    "region_id": 7,
    "province_id": 36
  },
  {
    "id": 733,
    "created_at": "2023-05-02T19:39:02.000000Z",
    "updated_at": "2023-05-02T19:39:02.000000Z",
    "name": "Badiangan",
    "code": "0603004000",
    "zip_code": "",
    "district": "Lone",
    "type": "Mun",
    "region_id": 7,
    "province_id": 36
  },
  {
    "id": 734,
    "created_at": "2023-05-02T19:39:02.000000Z",
    "updated_at": "2023-05-02T19:39:02.000000Z",
    "name": "Balasan",
    "code": "0603005000",
    "zip_code": "",
    "district": "Lone",
    "type": "Mun",
    "region_id": 7,
    "province_id": 36
  },
  {
    "id": 735,
    "created_at": "2023-05-02T19:39:02.000000Z",
    "updated_at": "2023-05-02T19:39:02.000000Z",
    "name": "Banate",
    "code": "0603006000",
    "zip_code": "",
    "district": "Lone",
    "type": "Mun",
    "region_id": 7,
    "province_id": 36
  },
  {
    "id": 736,
    "created_at": "2023-05-02T19:39:02.000000Z",
    "updated_at": "2023-05-02T19:39:02.000000Z",
    "name": "Barotac Nuevo",
    "code": "0603007000",
    "zip_code": "",
    "district": "Lone",
    "type": "Mun",
    "region_id": 7,
    "province_id": 36
  },
  {
    "id": 737,
    "created_at": "2023-05-02T19:39:02.000000Z",
    "updated_at": "2023-05-02T19:39:02.000000Z",
    "name": "Barotac Viejo",
    "code": "0603008000",
    "zip_code": "",
    "district": "Lone",
    "type": "Mun",
    "region_id": 7,
    "province_id": 36
  },
  {
    "id": 738,
    "created_at": "2023-05-02T19:39:02.000000Z",
    "updated_at": "2023-05-02T19:39:02.000000Z",
    "name": "Batad",
    "code": "0603009000",
    "zip_code": "",
    "district": "Lone",
    "type": "Mun",
    "region_id": 7,
    "province_id": 36
  },
  {
    "id": 739,
    "created_at": "2023-05-02T19:39:02.000000Z",
    "updated_at": "2023-05-02T19:39:02.000000Z",
    "name": "Bingawan",
    "code": "0603010000",
    "zip_code": "",
    "district": "Lone",
    "type": "Mun",
    "region_id": 7,
    "province_id": 36
  },
  {
    "id": 740,
    "created_at": "2023-05-02T19:39:02.000000Z",
    "updated_at": "2023-05-02T19:39:02.000000Z",
    "name": "Cabatuan",
    "code": "0603012000",
    "zip_code": "",
    "district": "Lone",
    "type": "Mun",
    "region_id": 7,
    "province_id": 36
  },
  {
    "id": 741,
    "created_at": "2023-05-02T19:39:02.000000Z",
    "updated_at": "2023-05-02T19:39:02.000000Z",
    "name": "Calinog",
    "code": "0603013000",
    "zip_code": "",
    "district": "Lone",
    "type": "Mun",
    "region_id": 7,
    "province_id": 36
  },
  {
    "id": 742,
    "created_at": "2023-05-02T19:39:02.000000Z",
    "updated_at": "2023-05-02T19:39:02.000000Z",
    "name": "Carles",
    "code": "0603014000",
    "zip_code": "",
    "district": "Lone",
    "type": "Mun",
    "region_id": 7,
    "province_id": 36
  },
  {
    "id": 743,
    "created_at": "2023-05-02T19:39:02.000000Z",
    "updated_at": "2023-05-02T19:39:02.000000Z",
    "name": "Concepcion",
    "code": "0603015000",
    "zip_code": "",
    "district": "Lone",
    "type": "Mun",
    "region_id": 7,
    "province_id": 36
  },
  {
    "id": 744,
    "created_at": "2023-05-02T19:39:02.000000Z",
    "updated_at": "2023-05-02T19:39:02.000000Z",
    "name": "Dingle",
    "code": "0603016000",
    "zip_code": "",
    "district": "Lone",
    "type": "Mun",
    "region_id": 7,
    "province_id": 36
  },
  {
    "id": 745,
    "created_at": "2023-05-02T19:39:02.000000Z",
    "updated_at": "2023-05-02T19:39:02.000000Z",
    "name": "Dueñas",
    "code": "0603017000",
    "zip_code": "",
    "district": "Lone",
    "type": "Mun",
    "region_id": 7,
    "province_id": 36
  },
  {
    "id": 746,
    "created_at": "2023-05-02T19:39:02.000000Z",
    "updated_at": "2023-05-02T19:39:02.000000Z",
    "name": "Dumangas",
    "code": "0603018000",
    "zip_code": "",
    "district": "Lone",
    "type": "Mun",
    "region_id": 7,
    "province_id": 36
  },
  {
    "id": 747,
    "created_at": "2023-05-02T19:39:02.000000Z",
    "updated_at": "2023-05-02T19:39:02.000000Z",
    "name": "Estancia",
    "code": "0603019000",
    "zip_code": "",
    "district": "Lone",
    "type": "Mun",
    "region_id": 7,
    "province_id": 36
  },
  {
    "id": 748,
    "created_at": "2023-05-02T19:39:02.000000Z",
    "updated_at": "2023-05-02T19:39:02.000000Z",
    "name": "Guimbal",
    "code": "0603020000",
    "zip_code": "",
    "district": "Lone",
    "type": "Mun",
    "region_id": 7,
    "province_id": 36
  },
  {
    "id": 749,
    "created_at": "2023-05-02T19:39:02.000000Z",
    "updated_at": "2023-05-02T19:39:02.000000Z",
    "name": "Igbaras",
    "code": "0603021000",
    "zip_code": "",
    "district": "Lone",
    "type": "Mun",
    "region_id": 7,
    "province_id": 36
  },
  {
    "id": 750,
    "created_at": "2023-05-02T19:39:02.000000Z",
    "updated_at": "2023-05-02T19:39:02.000000Z",
    "name": "City of Iloilo ",
    "code": "0631000000",
    "zip_code": "",
    "district": "Lone",
    "type": "City",
    "region_id": 7,
    "province_id": 36
  },
  {
    "id": 751,
    "created_at": "2023-05-02T19:39:03.000000Z",
    "updated_at": "2023-05-02T19:39:03.000000Z",
    "name": "Janiuay",
    "code": "0603023000",
    "zip_code": "",
    "district": "Lone",
    "type": "Mun",
    "region_id": 7,
    "province_id": 36
  },
  {
    "id": 752,
    "created_at": "2023-05-02T19:39:03.000000Z",
    "updated_at": "2023-05-02T19:39:03.000000Z",
    "name": "Lambunao",
    "code": "0603025000",
    "zip_code": "",
    "district": "Lone",
    "type": "Mun",
    "region_id": 7,
    "province_id": 36
  },
  {
    "id": 753,
    "created_at": "2023-05-02T19:39:03.000000Z",
    "updated_at": "2023-05-02T19:39:03.000000Z",
    "name": "Leganes",
    "code": "0603026000",
    "zip_code": "",
    "district": "Lone",
    "type": "Mun",
    "region_id": 7,
    "province_id": 36
  },
  {
    "id": 754,
    "created_at": "2023-05-02T19:39:03.000000Z",
    "updated_at": "2023-05-02T19:39:03.000000Z",
    "name": "Lemery",
    "code": "0603027000",
    "zip_code": "",
    "district": "Lone",
    "type": "Mun",
    "region_id": 7,
    "province_id": 36
  },
  {
    "id": 755,
    "created_at": "2023-05-02T19:39:03.000000Z",
    "updated_at": "2023-05-02T19:39:03.000000Z",
    "name": "Leon",
    "code": "0603028000",
    "zip_code": "",
    "district": "Lone",
    "type": "Mun",
    "region_id": 7,
    "province_id": 36
  },
  {
    "id": 756,
    "created_at": "2023-05-02T19:39:03.000000Z",
    "updated_at": "2023-05-02T19:39:03.000000Z",
    "name": "Maasin",
    "code": "0603029000",
    "zip_code": "",
    "district": "Lone",
    "type": "Mun",
    "region_id": 7,
    "province_id": 36
  },
  {
    "id": 757,
    "created_at": "2023-05-02T19:39:03.000000Z",
    "updated_at": "2023-05-02T19:39:03.000000Z",
    "name": "Miagao",
    "code": "0603030000",
    "zip_code": "",
    "district": "Lone",
    "type": "Mun",
    "region_id": 7,
    "province_id": 36
  },
  {
    "id": 758,
    "created_at": "2023-05-02T19:39:03.000000Z",
    "updated_at": "2023-05-02T19:39:03.000000Z",
    "name": "Mina",
    "code": "0603031000",
    "zip_code": "",
    "district": "Lone",
    "type": "Mun",
    "region_id": 7,
    "province_id": 36
  },
  {
    "id": 759,
    "created_at": "2023-05-02T19:39:03.000000Z",
    "updated_at": "2023-05-02T19:39:03.000000Z",
    "name": "New Lucena",
    "code": "0603032000",
    "zip_code": "",
    "district": "Lone",
    "type": "Mun",
    "region_id": 7,
    "province_id": 36
  },
  {
    "id": 760,
    "created_at": "2023-05-02T19:39:03.000000Z",
    "updated_at": "2023-05-02T19:39:03.000000Z",
    "name": "Oton",
    "code": "0603034000",
    "zip_code": "",
    "district": "Lone",
    "type": "Mun",
    "region_id": 7,
    "province_id": 36
  },
  {
    "id": 761,
    "created_at": "2023-05-02T19:39:03.000000Z",
    "updated_at": "2023-05-02T19:39:03.000000Z",
    "name": "City of Passi",
    "code": "0603035000",
    "zip_code": "",
    "district": "Lone",
    "type": "City",
    "region_id": 7,
    "province_id": 36
  },
  {
    "id": 762,
    "created_at": "2023-05-02T19:39:03.000000Z",
    "updated_at": "2023-05-02T19:39:03.000000Z",
    "name": "Pavia",
    "code": "0603036000",
    "zip_code": "",
    "district": "Lone",
    "type": "Mun",
    "region_id": 7,
    "province_id": 36
  },
  {
    "id": 763,
    "created_at": "2023-05-02T19:39:03.000000Z",
    "updated_at": "2023-05-02T19:39:03.000000Z",
    "name": "Pototan",
    "code": "0603037000",
    "zip_code": "",
    "district": "Lone",
    "type": "Mun",
    "region_id": 7,
    "province_id": 36
  },
  {
    "id": 764,
    "created_at": "2023-05-02T19:39:03.000000Z",
    "updated_at": "2023-05-02T19:39:03.000000Z",
    "name": "San Dionisio",
    "code": "0603038000",
    "zip_code": "",
    "district": "Lone",
    "type": "Mun",
    "region_id": 7,
    "province_id": 36
  },
  {
    "id": 765,
    "created_at": "2023-05-02T19:39:03.000000Z",
    "updated_at": "2023-05-02T19:39:03.000000Z",
    "name": "San Enrique",
    "code": "0603039000",
    "zip_code": "",
    "district": "Lone",
    "type": "Mun",
    "region_id": 7,
    "province_id": 36
  },
  {
    "id": 766,
    "created_at": "2023-05-02T19:39:03.000000Z",
    "updated_at": "2023-05-02T19:39:03.000000Z",
    "name": "San Joaquin",
    "code": "0603040000",
    "zip_code": "",
    "district": "Lone",
    "type": "Mun",
    "region_id": 7,
    "province_id": 36
  },
  {
    "id": 767,
    "created_at": "2023-05-02T19:39:04.000000Z",
    "updated_at": "2023-05-02T19:39:04.000000Z",
    "name": "San Miguel",
    "code": "0603041000",
    "zip_code": "",
    "district": "Lone",
    "type": "Mun",
    "region_id": 7,
    "province_id": 36
  },
  {
    "id": 768,
    "created_at": "2023-05-02T19:39:04.000000Z",
    "updated_at": "2023-05-02T19:39:04.000000Z",
    "name": "San Rafael",
    "code": "0603042000",
    "zip_code": "",
    "district": "Lone",
    "type": "Mun",
    "region_id": 7,
    "province_id": 36
  },
  {
    "id": 769,
    "created_at": "2023-05-02T19:39:04.000000Z",
    "updated_at": "2023-05-02T19:39:04.000000Z",
    "name": "Santa Barbara",
    "code": "0603043000",
    "zip_code": "",
    "district": "Lone",
    "type": "Mun",
    "region_id": 7,
    "province_id": 36
  },
  {
    "id": 770,
    "created_at": "2023-05-02T19:39:04.000000Z",
    "updated_at": "2023-05-02T19:39:04.000000Z",
    "name": "Sara",
    "code": "0603044000",
    "zip_code": "",
    "district": "Lone",
    "type": "Mun",
    "region_id": 7,
    "province_id": 36
  },
  {
    "id": 771,
    "created_at": "2023-05-02T19:39:04.000000Z",
    "updated_at": "2023-05-02T19:39:04.000000Z",
    "name": "Tigbauan",
    "code": "0603045000",
    "zip_code": "",
    "district": "Lone",
    "type": "Mun",
    "region_id": 7,
    "province_id": 36
  },
  {
    "id": 772,
    "created_at": "2023-05-02T19:39:04.000000Z",
    "updated_at": "2023-05-02T19:39:04.000000Z",
    "name": "Tubungan",
    "code": "0603046000",
    "zip_code": "",
    "district": "Lone",
    "type": "Mun",
    "region_id": 7,
    "province_id": 36
  },
  {
    "id": 773,
    "created_at": "2023-05-02T19:39:04.000000Z",
    "updated_at": "2023-05-02T19:39:04.000000Z",
    "name": "Zarraga",
    "code": "0603047000",
    "zip_code": "",
    "district": "Lone",
    "type": "Mun",
    "region_id": 7,
    "province_id": 36
  },
  {
    "id": 774,
    "created_at": "2023-05-02T19:39:04.000000Z",
    "updated_at": "2023-05-02T19:39:04.000000Z",
    "name": "City of Bacolod ",
    "code": "0630200000",
    "zip_code": "",
    "district": "Lone",
    "type": "City",
    "region_id": 7,
    "province_id": 37
  },
  {
    "id": 775,
    "created_at": "2023-05-02T19:39:04.000000Z",
    "updated_at": "2023-05-02T19:39:04.000000Z",
    "name": "City of Bago",
    "code": "0604502000",
    "zip_code": "",
    "district": "Lone",
    "type": "City",
    "region_id": 7,
    "province_id": 37
  },
  {
    "id": 776,
    "created_at": "2023-05-02T19:39:04.000000Z",
    "updated_at": "2023-05-02T19:39:04.000000Z",
    "name": "Binalbagan",
    "code": "0604503000",
    "zip_code": "",
    "district": "Lone",
    "type": "Mun",
    "region_id": 7,
    "province_id": 37
  },
  {
    "id": 777,
    "created_at": "2023-05-02T19:39:04.000000Z",
    "updated_at": "2023-05-02T19:39:04.000000Z",
    "name": "City of Cadiz",
    "code": "0604504000",
    "zip_code": "",
    "district": "Lone",
    "type": "City",
    "region_id": 7,
    "province_id": 37
  },
  {
    "id": 778,
    "created_at": "2023-05-02T19:39:04.000000Z",
    "updated_at": "2023-05-02T19:39:04.000000Z",
    "name": "Calatrava",
    "code": "0604505000",
    "zip_code": "",
    "district": "Lone",
    "type": "Mun",
    "region_id": 7,
    "province_id": 37
  },
  {
    "id": 779,
    "created_at": "2023-05-02T19:39:04.000000Z",
    "updated_at": "2023-05-02T19:39:04.000000Z",
    "name": "Candoni",
    "code": "0604506000",
    "zip_code": "",
    "district": "Lone",
    "type": "Mun",
    "region_id": 7,
    "province_id": 37
  },
  {
    "id": 780,
    "created_at": "2023-05-02T19:39:04.000000Z",
    "updated_at": "2023-05-02T19:39:04.000000Z",
    "name": "Cauayan",
    "code": "0604507000",
    "zip_code": "",
    "district": "Lone",
    "type": "Mun",
    "region_id": 7,
    "province_id": 37
  },
  {
    "id": 781,
    "created_at": "2023-05-02T19:39:04.000000Z",
    "updated_at": "2023-05-02T19:39:04.000000Z",
    "name": "Enrique B. Magalona",
    "code": "0604508000",
    "zip_code": "",
    "district": "Lone",
    "type": "Mun",
    "region_id": 7,
    "province_id": 37
  },
  {
    "id": 782,
    "created_at": "2023-05-02T19:39:04.000000Z",
    "updated_at": "2023-05-02T19:39:04.000000Z",
    "name": "City of Escalante",
    "code": "0604509000",
    "zip_code": "",
    "district": "Lone",
    "type": "City",
    "region_id": 7,
    "province_id": 37
  },
  {
    "id": 783,
    "created_at": "2023-05-02T19:39:04.000000Z",
    "updated_at": "2023-05-02T19:39:04.000000Z",
    "name": "City of Himamaylan",
    "code": "0604510000",
    "zip_code": "",
    "district": "Lone",
    "type": "City",
    "region_id": 7,
    "province_id": 37
  },
  {
    "id": 784,
    "created_at": "2023-05-02T19:39:04.000000Z",
    "updated_at": "2023-05-02T19:39:04.000000Z",
    "name": "Hinigaran",
    "code": "0604511000",
    "zip_code": "",
    "district": "Lone",
    "type": "Mun",
    "region_id": 7,
    "province_id": 37
  },
  {
    "id": 785,
    "created_at": "2023-05-02T19:39:04.000000Z",
    "updated_at": "2023-05-02T19:39:04.000000Z",
    "name": "Hinoba-an",
    "code": "0604512000",
    "zip_code": "",
    "district": "Lone",
    "type": "Mun",
    "region_id": 7,
    "province_id": 37
  },
  {
    "id": 786,
    "created_at": "2023-05-02T19:39:04.000000Z",
    "updated_at": "2023-05-02T19:39:04.000000Z",
    "name": "Ilog",
    "code": "0604513000",
    "zip_code": "",
    "district": "Lone",
    "type": "Mun",
    "region_id": 7,
    "province_id": 37
  },
  {
    "id": 787,
    "created_at": "2023-05-02T19:39:04.000000Z",
    "updated_at": "2023-05-02T19:39:04.000000Z",
    "name": "Isabela",
    "code": "0604514000",
    "zip_code": "",
    "district": "Lone",
    "type": "Mun",
    "region_id": 7,
    "province_id": 37
  },
  {
    "id": 788,
    "created_at": "2023-05-02T19:39:04.000000Z",
    "updated_at": "2023-05-02T19:39:04.000000Z",
    "name": "City of Kabankalan",
    "code": "0604515000",
    "zip_code": "",
    "district": "Lone",
    "type": "City",
    "region_id": 7,
    "province_id": 37
  },
  {
    "id": 789,
    "created_at": "2023-05-02T19:39:04.000000Z",
    "updated_at": "2023-05-02T19:39:04.000000Z",
    "name": "City of La Carlota",
    "code": "0604516000",
    "zip_code": "",
    "district": "Lone",
    "type": "City",
    "region_id": 7,
    "province_id": 37
  },
  {
    "id": 790,
    "created_at": "2023-05-02T19:39:04.000000Z",
    "updated_at": "2023-05-02T19:39:04.000000Z",
    "name": "La Castellana",
    "code": "0604517000",
    "zip_code": "",
    "district": "Lone",
    "type": "Mun",
    "region_id": 7,
    "province_id": 37
  },
  {
    "id": 791,
    "created_at": "2023-05-02T19:39:04.000000Z",
    "updated_at": "2023-05-02T19:39:04.000000Z",
    "name": "Manapla",
    "code": "0604518000",
    "zip_code": "",
    "district": "Lone",
    "type": "Mun",
    "region_id": 7,
    "province_id": 37
  },
  {
    "id": 792,
    "created_at": "2023-05-02T19:39:04.000000Z",
    "updated_at": "2023-05-02T19:39:04.000000Z",
    "name": "Moises Padilla",
    "code": "0604519000",
    "zip_code": "",
    "district": "Lone",
    "type": "Mun",
    "region_id": 7,
    "province_id": 37
  },
  {
    "id": 793,
    "created_at": "2023-05-02T19:39:04.000000Z",
    "updated_at": "2023-05-02T19:39:04.000000Z",
    "name": "Murcia",
    "code": "0604520000",
    "zip_code": "",
    "district": "Lone",
    "type": "Mun",
    "region_id": 7,
    "province_id": 37
  },
  {
    "id": 794,
    "created_at": "2023-05-02T19:39:04.000000Z",
    "updated_at": "2023-05-02T19:39:04.000000Z",
    "name": "Pontevedra",
    "code": "0604521000",
    "zip_code": "",
    "district": "Lone",
    "type": "Mun",
    "region_id": 7,
    "province_id": 37
  },
  {
    "id": 795,
    "created_at": "2023-05-02T19:39:04.000000Z",
    "updated_at": "2023-05-02T19:39:04.000000Z",
    "name": "Pulupandan",
    "code": "0604522000",
    "zip_code": "",
    "district": "Lone",
    "type": "Mun",
    "region_id": 7,
    "province_id": 37
  },
  {
    "id": 796,
    "created_at": "2023-05-02T19:39:05.000000Z",
    "updated_at": "2023-05-02T19:39:05.000000Z",
    "name": "City of Sagay",
    "code": "0604523000",
    "zip_code": "",
    "district": "Lone",
    "type": "City",
    "region_id": 7,
    "province_id": 37
  },
  {
    "id": 797,
    "created_at": "2023-05-02T19:39:05.000000Z",
    "updated_at": "2023-05-02T19:39:05.000000Z",
    "name": "City of San Carlos",
    "code": "0604524000",
    "zip_code": "",
    "district": "Lone",
    "type": "City",
    "region_id": 7,
    "province_id": 37
  },
  {
    "id": 798,
    "created_at": "2023-05-02T19:39:05.000000Z",
    "updated_at": "2023-05-02T19:39:05.000000Z",
    "name": "San Enrique",
    "code": "0604525000",
    "zip_code": "",
    "district": "Lone",
    "type": "Mun",
    "region_id": 7,
    "province_id": 37
  },
  {
    "id": 799,
    "created_at": "2023-05-02T19:39:05.000000Z",
    "updated_at": "2023-05-02T19:39:05.000000Z",
    "name": "City of Silay",
    "code": "0604526000",
    "zip_code": "",
    "district": "Lone",
    "type": "City",
    "region_id": 7,
    "province_id": 37
  },
  {
    "id": 800,
    "created_at": "2023-05-02T19:39:05.000000Z",
    "updated_at": "2023-05-02T19:39:05.000000Z",
    "name": "City of Sipalay",
    "code": "0604527000",
    "zip_code": "",
    "district": "Lone",
    "type": "City",
    "region_id": 7,
    "province_id": 37
  },
  {
    "id": 801,
    "created_at": "2023-05-02T19:39:05.000000Z",
    "updated_at": "2023-05-02T19:39:05.000000Z",
    "name": "City of Talisay",
    "code": "0604528000",
    "zip_code": "",
    "district": "Lone",
    "type": "City",
    "region_id": 7,
    "province_id": 37
  },
  {
    "id": 802,
    "created_at": "2023-05-02T19:39:05.000000Z",
    "updated_at": "2023-05-02T19:39:05.000000Z",
    "name": "Toboso",
    "code": "0604529000",
    "zip_code": "",
    "district": "Lone",
    "type": "Mun",
    "region_id": 7,
    "province_id": 37
  },
  {
    "id": 803,
    "created_at": "2023-05-02T19:39:05.000000Z",
    "updated_at": "2023-05-02T19:39:05.000000Z",
    "name": "Valladolid",
    "code": "0604530000",
    "zip_code": "",
    "district": "Lone",
    "type": "Mun",
    "region_id": 7,
    "province_id": 37
  },
  {
    "id": 804,
    "created_at": "2023-05-02T19:39:05.000000Z",
    "updated_at": "2023-05-02T19:39:05.000000Z",
    "name": "City of Victorias",
    "code": "0604531000",
    "zip_code": "",
    "district": "Lone",
    "type": "City",
    "region_id": 7,
    "province_id": 37
  },
  {
    "id": 805,
    "created_at": "2023-05-02T19:39:05.000000Z",
    "updated_at": "2023-05-02T19:39:05.000000Z",
    "name": "Salvador Benedicto",
    "code": "0604532000",
    "zip_code": "",
    "district": "Lone",
    "type": "Mun",
    "region_id": 7,
    "province_id": 37
  },
  {
    "id": 806,
    "created_at": "2023-05-02T19:39:05.000000Z",
    "updated_at": "2023-05-02T19:39:05.000000Z",
    "name": "Buenavista",
    "code": "0607901000",
    "zip_code": "",
    "district": "Lone",
    "type": "Mun",
    "region_id": 7,
    "province_id": 38
  },
  {
    "id": 807,
    "created_at": "2023-05-02T19:39:05.000000Z",
    "updated_at": "2023-05-02T19:39:05.000000Z",
    "name": "Jordan ",
    "code": "0607902000",
    "zip_code": "",
    "district": "Lone",
    "type": "Mun",
    "region_id": 7,
    "province_id": 38
  },
  {
    "id": 808,
    "created_at": "2023-05-02T19:39:05.000000Z",
    "updated_at": "2023-05-02T19:39:05.000000Z",
    "name": "Nueva Valencia",
    "code": "0607903000",
    "zip_code": "",
    "district": "Lone",
    "type": "Mun",
    "region_id": 7,
    "province_id": 38
  },
  {
    "id": 809,
    "created_at": "2023-05-02T19:39:05.000000Z",
    "updated_at": "2023-05-02T19:39:05.000000Z",
    "name": "San Lorenzo",
    "code": "0607904000",
    "zip_code": "",
    "district": "Lone",
    "type": "Mun",
    "region_id": 7,
    "province_id": 38
  },
  {
    "id": 810,
    "created_at": "2023-05-02T19:39:05.000000Z",
    "updated_at": "2023-05-02T19:39:05.000000Z",
    "name": "Sibunag",
    "code": "0607905000",
    "zip_code": "",
    "district": "Lone",
    "type": "Mun",
    "region_id": 7,
    "province_id": 38
  }
]