[
  {
    "id": 943,
    "created_at": "2023-05-02T19:39:09.000000Z",
    "updated_at": "2023-05-02T19:39:09.000000Z",
    "name": "Arteche",
    "code": "0802601000",
    "zip_code": "",
    "district": "Lone",
    "type": "Mun",
    "region_id": 9,
    "province_id": 43
  },
  {
    "id": 944,
    "created_at": "2023-05-02T19:39:09.000000Z",
    "updated_at": "2023-05-02T19:39:09.000000Z",
    "name": "Balangiga",
    "code": "0802602000",
    "zip_code": "",
    "district": "Lone",
    "type": "Mun",
    "region_id": 9,
    "province_id": 43
  },
  {
    "id": 945,
    "created_at": "2023-05-02T19:39:09.000000Z",
    "updated_at": "2023-05-02T19:39:09.000000Z",
    "name": "Balangkayan",
    "code": "0802603000",
    "zip_code": "",
    "district": "Lone",
    "type": "Mun",
    "region_id": 9,
    "province_id": 43
  },
  {
    "id": 946,
    "created_at": "2023-05-02T19:39:09.000000Z",
    "updated_at": "2023-05-02T19:39:09.000000Z",
    "name": "City of Borongan ",
    "code": "0802604000",
    "zip_code": "",
    "district": "Lone",
    "type": "City",
    "region_id": 9,
    "province_id": 43
  },
  {
    "id": 947,
    "created_at": "2023-05-02T19:39:09.000000Z",
    "updated_at": "2023-05-02T19:39:09.000000Z",
    "name": "Can-Avid",
    "code": "0802605000",
    "zip_code": "",
    "district": "Lone",
    "type": "Mun",
    "region_id": 9,
    "province_id": 43
  },
  {
    "id": 948,
    "created_at": "2023-05-02T19:39:09.000000Z",
    "updated_at": "2023-05-02T19:39:09.000000Z",
    "name": "Dolores",
    "code": "0802606000",
    "zip_code": "",
    "district": "Lone",
    "type": "Mun",
    "region_id": 9,
    "province_id": 43
  },
  {
    "id": 949,
    "created_at": "2023-05-02T19:39:09.000000Z",
    "updated_at": "2023-05-02T19:39:09.000000Z",
    "name": "General Macarthur",
    "code": "0802607000",
    "zip_code": "",
    "district": "Lone",
    "type": "Mun",
    "region_id": 9,
    "province_id": 43
  },
  {
    "id": 950,
    "created_at": "2023-05-02T19:39:09.000000Z",
    "updated_at": "2023-05-02T19:39:09.000000Z",
    "name": "Giporlos",
    "code": "0802608000",
    "zip_code": "",
    "district": "Lone",
    "type": "Mun",
    "region_id": 9,
    "province_id": 43
  },
  {
    "id": 951,
    "created_at": "2023-05-02T19:39:09.000000Z",
    "updated_at": "2023-05-02T19:39:09.000000Z",
    "name": "Guiuan",
    "code": "0802609000",
    "zip_code": "",
    "district": "Lone",
    "type": "Mun",
    "region_id": 9,
    "province_id": 43
  },
  {
    "id": 952,
    "created_at": "2023-05-02T19:39:09.000000Z",
    "updated_at": "2023-05-02T19:39:09.000000Z",
    "name": "Hernani",
    "code": "0802610000",
    "zip_code": "",
    "district": "Lone",
    "type": "Mun",
    "region_id": 9,
    "province_id": 43
  },
  {
    "id": 953,
    "created_at": "2023-05-02T19:39:09.000000Z",
    "updated_at": "2023-05-02T19:39:09.000000Z",
    "name": "Jipapad",
    "code": "0802611000",
    "zip_code": "",
    "district": "Lone",
    "type": "Mun",
    "region_id": 9,
    "province_id": 43
  },
  {
    "id": 954,
    "created_at": "2023-05-02T19:39:09.000000Z",
    "updated_at": "2023-05-02T19:39:09.000000Z",
    "name": "Lawaan",
    "code": "0802612000",
    "zip_code": "",
    "district": "Lone",
    "type": "Mun",
    "region_id": 9,
    "province_id": 43
  },
  {
    "id": 955,
    "created_at": "2023-05-02T19:39:09.000000Z",
    "updated_at": "2023-05-02T19:39:09.000000Z",
    "name": "Llorente",
    "code": "0802613000",
    "zip_code": "",
    "district": "Lone",
    "type": "Mun",
    "region_id": 9,
    "province_id": 43
  },
  {
    "id": 956,
    "created_at": "2023-05-02T19:39:09.000000Z",
    "updated_at": "2023-05-02T19:39:09.000000Z",
    "name": "Maslog",
    "code": "0802614000",
    "zip_code": "",
    "district": "Lone",
    "type": "Mun",
    "region_id": 9,
    "province_id": 43
  },
  {
    "id": 957,
    "created_at": "2023-05-02T19:39:09.000000Z",
    "updated_at": "2023-05-02T19:39:09.000000Z",
    "name": "Maydolong",
    "code": "0802615000",
    "zip_code": "",
    "district": "Lone",
    "type": "Mun",
    "region_id": 9,
    "province_id": 43
  },
  {
    "id": 958,
    "created_at": "2023-05-02T19:39:09.000000Z",
    "updated_at": "2023-05-02T19:39:09.000000Z",
    "name": "Mercedes",
    "code": "0802616000",
    "zip_code": "",
    "district": "Lone",
    "type": "Mun",
    "region_id": 9,
    "province_id": 43
  },
  {
    "id": 959,
    "created_at": "2023-05-02T19:39:09.000000Z",
    "updated_at": "2023-05-02T19:39:09.000000Z",
    "name": "Oras",
    "code": "0802617000",
    "zip_code": "",
    "district": "Lone",
    "type": "Mun",
    "region_id": 9,
    "province_id": 43
  },
  {
    "id": 960,
    "created_at": "2023-05-02T19:39:09.000000Z",
    "updated_at": "2023-05-02T19:39:09.000000Z",
    "name": "Quinapondan",
    "code": "0802618000",
    "zip_code": "",
    "district": "Lone",
    "type": "Mun",
    "region_id": 9,
    "province_id": 43
  },
  {
    "id": 961,
    "created_at": "2023-05-02T19:39:09.000000Z",
    "updated_at": "2023-05-02T19:39:09.000000Z",
    "name": "Salcedo",
    "code": "0802619000",
    "zip_code": "",
    "district": "Lone",
    "type": "Mun",
    "region_id": 9,
    "province_id": 43
  },
  {
    "id": 962,
    "created_at": "2023-05-02T19:39:09.000000Z",
    "updated_at": "2023-05-02T19:39:09.000000Z",
    "name": "San Julian",
    "code": "0802620000",
    "zip_code": "",
    "district": "Lone",
    "type": "Mun",
    "region_id": 9,
    "province_id": 43
  },
  {
    "id": 963,
    "created_at": "2023-05-02T19:39:09.000000Z",
    "updated_at": "2023-05-02T19:39:09.000000Z",
    "name": "San Policarpo",
    "code": "0802621000",
    "zip_code": "",
    "district": "Lone",
    "type": "Mun",
    "region_id": 9,
    "province_id": 43
  },
  {
    "id": 964,
    "created_at": "2023-05-02T19:39:09.000000Z",
    "updated_at": "2023-05-02T19:39:09.000000Z",
    "name": "Sulat",
    "code": "0802622000",
    "zip_code": "",
    "district": "Lone",
    "type": "Mun",
    "region_id": 9,
    "province_id": 43
  },
  {
    "id": 965,
    "created_at": "2023-05-02T19:39:09.000000Z",
    "updated_at": "2023-05-02T19:39:09.000000Z",
    "name": "Taft",
    "code": "0802623000",
    "zip_code": "",
    "district": "Lone",
    "type": "Mun",
    "region_id": 9,
    "province_id": 43
  },
  {
    "id": 966,
    "created_at": "2023-05-02T19:39:09.000000Z",
    "updated_at": "2023-05-02T19:39:09.000000Z",
    "name": "Abuyog",
    "code": "0803701000",
    "zip_code": "",
    "district": "Lone",
    "type": "Mun",
    "region_id": 9,
    "province_id": 44
  },
  {
    "id": 967,
    "created_at": "2023-05-02T19:39:09.000000Z",
    "updated_at": "2023-05-02T19:39:09.000000Z",
    "name": "Alangalang",
    "code": "0803702000",
    "zip_code": "",
    "district": "Lone",
    "type": "Mun",
    "region_id": 9,
    "province_id": 44
  },
  {
    "id": 968,
    "created_at": "2023-05-02T19:39:09.000000Z",
    "updated_at": "2023-05-02T19:39:09.000000Z",
    "name": "Albuera",
    "code": "0803703000",
    "zip_code": "",
    "district": "Lone",
    "type": "Mun",
    "region_id": 9,
    "province_id": 44
  },
  {
    "id": 969,
    "created_at": "2023-05-02T19:39:09.000000Z",
    "updated_at": "2023-05-02T19:39:09.000000Z",
    "name": "Babatngon",
    "code": "0803705000",
    "zip_code": "",
    "district": "Lone",
    "type": "Mun",
    "region_id": 9,
    "province_id": 44
  },
  {
    "id": 970,
    "created_at": "2023-05-02T19:39:09.000000Z",
    "updated_at": "2023-05-02T19:39:09.000000Z",
    "name": "Barugo",
    "code": "0803706000",
    "zip_code": "",
    "district": "Lone",
    "type": "Mun",
    "region_id": 9,
    "province_id": 44
  },
  {
    "id": 971,
    "created_at": "2023-05-02T19:39:09.000000Z",
    "updated_at": "2023-05-02T19:39:09.000000Z",
    "name": "Bato",
    "code": "0803707000",
    "zip_code": "",
    "district": "Lone",
    "type": "Mun",
    "region_id": 9,
    "province_id": 44
  },
  {
    "id": 972,
    "created_at": "2023-05-02T19:39:10.000000Z",
    "updated_at": "2023-05-02T19:39:10.000000Z",
    "name": "City of Baybay",
    "code": "0803708000",
    "zip_code": "",
    "district": "Lone",
    "type": "City",
    "region_id": 9,
    "province_id": 44
  },
  {
    "id": 973,
    "created_at": "2023-05-02T19:39:10.000000Z",
    "updated_at": "2023-05-02T19:39:10.000000Z",
    "name": "Burauen",
    "code": "0803710000",
    "zip_code": "",
    "district": "Lone",
    "type": "Mun",
    "region_id": 9,
    "province_id": 44
  },
  {
    "id": 974,
    "created_at": "2023-05-02T19:39:10.000000Z",
    "updated_at": "2023-05-02T19:39:10.000000Z",
    "name": "Calubian",
    "code": "0803713000",
    "zip_code": "",
    "district": "Lone",
    "type": "Mun",
    "region_id": 9,
    "province_id": 44
  },
  {
    "id": 975,
    "created_at": "2023-05-02T19:39:10.000000Z",
    "updated_at": "2023-05-02T19:39:10.000000Z",
    "name": "Capoocan",
    "code": "0803714000",
    "zip_code": "",
    "district": "Lone",
    "type": "Mun",
    "region_id": 9,
    "province_id": 44
  },
  {
    "id": 976,
    "created_at": "2023-05-02T19:39:10.000000Z",
    "updated_at": "2023-05-02T19:39:10.000000Z",
    "name": "Carigara",
    "code": "0803715000",
    "zip_code": "",
    "district": "Lone",
    "type": "Mun",
    "region_id": 9,
    "province_id": 44
  },
  {
    "id": 977,
    "created_at": "2023-05-02T19:39:10.000000Z",
    "updated_at": "2023-05-02T19:39:10.000000Z",
    "name": "Dagami",
    "code": "0803717000",
    "zip_code": "",
    "district": "Lone",
    "type": "Mun",
    "region_id": 9,
    "province_id": 44
  },
  {
    "id": 978,
    "created_at": "2023-05-02T19:39:10.000000Z",
    "updated_at": "2023-05-02T19:39:10.000000Z",
    "name": "Dulag",
    "code": "0803718000",
    "zip_code": "",
    "district": "Lone",
    "type": "Mun",
    "region_id": 9,
    "province_id": 44
  },
  {
    "id": 979,
    "created_at": "2023-05-02T19:39:10.000000Z",
    "updated_at": "2023-05-02T19:39:10.000000Z",
    "name": "Hilongos",
    "code": "0803719000",
    "zip_code": "",
    "district": "Lone",
    "type": "Mun",
    "region_id": 9,
    "province_id": 44
  },
  {
    "id": 980,
    "created_at": "2023-05-02T19:39:10.000000Z",
    "updated_at": "2023-05-02T19:39:10.000000Z",
    "name": "Hindang",
    "code": "0803720000",
    "zip_code": "",
    "district": "Lone",
    "type": "Mun",
    "region_id": 9,
    "province_id": 44
  },
  {
    "id": 981,
    "created_at": "2023-05-02T19:39:10.000000Z",
    "updated_at": "2023-05-02T19:39:10.000000Z",
    "name": "Inopacan",
    "code": "0803721000",
    "zip_code": "",
    "district": "Lone",
    "type": "Mun",
    "region_id": 9,
    "province_id": 44
  },
  {
    "id": 982,
    "created_at": "2023-05-02T19:39:10.000000Z",
    "updated_at": "2023-05-02T19:39:10.000000Z",
    "name": "Isabel",
    "code": "0803722000",
    "zip_code": "",
    "district": "Lone",
    "type": "Mun",
    "region_id": 9,
    "province_id": 44
  },
  {
    "id": 983,
    "created_at": "2023-05-02T19:39:10.000000Z",
    "updated_at": "2023-05-02T19:39:10.000000Z",
    "name": "Jaro",
    "code": "0803723000",
    "zip_code": "",
    "district": "Lone",
    "type": "Mun",
    "region_id": 9,
    "province_id": 44
  },
  {
    "id": 984,
    "created_at": "2023-05-02T19:39:10.000000Z",
    "updated_at": "2023-05-02T19:39:10.000000Z",
    "name": "Javier",
    "code": "0803724000",
    "zip_code": "",
    "district": "Lone",
    "type": "Mun",
    "region_id": 9,
    "province_id": 44
  },
  {
    "id": 985,
    "created_at": "2023-05-02T19:39:10.000000Z",
    "updated_at": "2023-05-02T19:39:10.000000Z",
    "name": "Julita",
    "code": "0803725000",
    "zip_code": "",
    "district": "Lone",
    "type": "Mun",
    "region_id": 9,
    "province_id": 44
  },
  {
    "id": 986,
    "created_at": "2023-05-02T19:39:10.000000Z",
    "updated_at": "2023-05-02T19:39:10.000000Z",
    "name": "Kananga",
    "code": "0803726000",
    "zip_code": "",
    "district": "Lone",
    "type": "Mun",
    "region_id": 9,
    "province_id": 44
  },
  {
    "id": 987,
    "created_at": "2023-05-02T19:39:10.000000Z",
    "updated_at": "2023-05-02T19:39:10.000000Z",
    "name": "La Paz",
    "code": "0803728000",
    "zip_code": "",
    "district": "Lone",
    "type": "Mun",
    "region_id": 9,
    "province_id": 44
  },
  {
    "id": 988,
    "created_at": "2023-05-02T19:39:10.000000Z",
    "updated_at": "2023-05-02T19:39:10.000000Z",
    "name": "Leyte",
    "code": "0803729000",
    "zip_code": "",
    "district": "Lone",
    "type": "Mun",
    "region_id": 9,
    "province_id": 44
  },
  {
    "id": 989,
    "created_at": "2023-05-02T19:39:10.000000Z",
    "updated_at": "2023-05-02T19:39:10.000000Z",
    "name": "Macarthur",
    "code": "0803730000",
    "zip_code": "",
    "district": "Lone",
    "type": "Mun",
    "region_id": 9,
    "province_id": 44
  },
  {
    "id": 990,
    "created_at": "2023-05-02T19:39:10.000000Z",
    "updated_at": "2023-05-02T19:39:10.000000Z",
    "name": "Mahaplag",
    "code": "0803731000",
    "zip_code": "",
    "district": "Lone",
    "type": "Mun",
    "region_id": 9,
    "province_id": 44
  },
  {
    "id": 991,
    "created_at": "2023-05-02T19:39:10.000000Z",
    "updated_at": "2023-05-02T19:39:10.000000Z",
    "name": "Matag-Ob",
    "code": "0803733000",
    "zip_code": "",
    "district": "Lone",
    "type": "Mun",
    "region_id": 9,
    "province_id": 44
  },
  {
    "id": 992,
    "created_at": "2023-05-02T19:39:10.000000Z",
    "updated_at": "2023-05-02T19:39:10.000000Z",
    "name": "Matalom",
    "code": "0803734000",
    "zip_code": "",
    "district": "Lone",
    "type": "Mun",
    "region_id": 9,
    "province_id": 44
  },
  {
    "id": 993,
    "created_at": "2023-05-02T19:39:10.000000Z",
    "updated_at": "2023-05-02T19:39:10.000000Z",
    "name": "Mayorga",
    "code": "0803735000",
    "zip_code": "",
    "district": "Lone",
    "type": "Mun",
    "region_id": 9,
    "province_id": 44
  },
  {
    "id": 994,
    "created_at": "2023-05-02T19:39:10.000000Z",
    "updated_at": "2023-05-02T19:39:10.000000Z",
    "name": "Merida",
    "code": "0803736000",
    "zip_code": "",
    "district": "Lone",
    "type": "Mun",
    "region_id": 9,
    "province_id": 44
  },
  {
    "id": 995,
    "created_at": "2023-05-02T19:39:11.000000Z",
    "updated_at": "2023-05-02T19:39:11.000000Z",
    "name": "Ormoc City",
    "code": "0803738000",
    "zip_code": "",
    "district": "Lone",
    "type": "City",
    "region_id": 9,
    "province_id": 44
  },
  {
    "id": 996,
    "created_at": "2023-05-02T19:39:11.000000Z",
    "updated_at": "2023-05-02T19:39:11.000000Z",
    "name": "Palo",
    "code": "0803739000",
    "zip_code": "",
    "district": "Lone",
    "type": "Mun",
    "region_id": 9,
    "province_id": 44
  },
  {
    "id": 997,
    "created_at": "2023-05-02T19:39:11.000000Z",
    "updated_at": "2023-05-02T19:39:11.000000Z",
    "name": "Palompon",
    "code": "0803740000",
    "zip_code": "",
    "district": "Lone",
    "type": "Mun",
    "region_id": 9,
    "province_id": 44
  },
  {
    "id": 998,
    "created_at": "2023-05-02T19:39:11.000000Z",
    "updated_at": "2023-05-02T19:39:11.000000Z",
    "name": "Pastrana",
    "code": "0803741000",
    "zip_code": "",
    "district": "Lone",
    "type": "Mun",
    "region_id": 9,
    "province_id": 44
  },
  {
    "id": 999,
    "created_at": "2023-05-02T19:39:11.000000Z",
    "updated_at": "2023-05-02T19:39:11.000000Z",
    "name": "San Isidro",
    "code": "0803742000",
    "zip_code": "",
    "district": "Lone",
    "type": "Mun",
    "region_id": 9,
    "province_id": 44
  },
  {
    "id": 1000,
    "created_at": "2023-05-02T19:39:11.000000Z",
    "updated_at": "2023-05-02T19:39:11.000000Z",
    "name": "San Miguel",
    "code": "0803743000",
    "zip_code": "",
    "district": "Lone",
    "type": "Mun",
    "region_id": 9,
    "province_id": 44
  },
  {
    "id": 1001,
    "created_at": "2023-05-02T19:39:11.000000Z",
    "updated_at": "2023-05-02T19:39:11.000000Z",
    "name": "Santa Fe",
    "code": "0803744000",
    "zip_code": "",
    "district": "Lone",
    "type": "Mun",
    "region_id": 9,
    "province_id": 44
  },
  {
    "id": 1002,
    "created_at": "2023-05-02T19:39:11.000000Z",
    "updated_at": "2023-05-02T19:39:11.000000Z",
    "name": "Tabango",
    "code": "0803745000",
    "zip_code": "",
    "district": "Lone",
    "type": "Mun",
    "region_id": 9,
    "province_id": 44
  },
  {
    "id": 1003,
    "created_at": "2023-05-02T19:39:11.000000Z",
    "updated_at": "2023-05-02T19:39:11.000000Z",
    "name": "Tabontabon",
    "code": "0803746000",
    "zip_code": "",
    "district": "Lone",
    "type": "Mun",
    "region_id": 9,
    "province_id": 44
  },
  {
    "id": 1004,
    "created_at": "2023-05-02T19:39:11.000000Z",
    "updated_at": "2023-05-02T19:39:11.000000Z",
    "name": "City of Tacloban ",
    "code": "0831600000",
    "zip_code": "",
    "district": "Lone",
    "type": "City",
    "region_id": 9,
    "province_id": 44
  },
  {
    "id": 1005,
    "created_at": "2023-05-02T19:39:11.000000Z",
    "updated_at": "2023-05-02T19:39:11.000000Z",
    "name": "Tanauan",
    "code": "0803748000",
    "zip_code": "",
    "district": "Lone",
    "type": "Mun",
    "region_id": 9,
    "province_id": 44
  },
  {
    "id": 1006,
    "created_at": "2023-05-02T19:39:11.000000Z",
    "updated_at": "2023-05-02T19:39:11.000000Z",
    "name": "Tolosa",
    "code": "0803749000",
    "zip_code": "",
    "district": "Lone",
    "type": "Mun",
    "region_id": 9,
    "province_id": 44
  },
  {
    "id": 1007,
    "created_at": "2023-05-02T19:39:11.000000Z",
    "updated_at": "2023-05-02T19:39:11.000000Z",
    "name": "Tunga",
    "code": "0803750000",
    "zip_code": "",
    "district": "Lone",
    "type": "Mun",
    "region_id": 9,
    "province_id": 44
  },
  {
    "id": 1008,
    "created_at": "2023-05-02T19:39:11.000000Z",
    "updated_at": "2023-05-02T19:39:11.000000Z",
    "name": "Villaba",
    "code": "0803751000",
    "zip_code": "",
    "district": "Lone",
    "type": "Mun",
    "region_id": 9,
    "province_id": 44
  },
  {
    "id": 1009,
    "created_at": "2023-05-02T19:39:11.000000Z",
    "updated_at": "2023-05-02T19:39:11.000000Z",
    "name": "Allen",
    "code": "0804801000",
    "zip_code": "",
    "district": "Lone",
    "type": "Mun",
    "region_id": 9,
    "province_id": 45
  },
  {
    "id": 1010,
    "created_at": "2023-05-02T19:39:11.000000Z",
    "updated_at": "2023-05-02T19:39:11.000000Z",
    "name": "Biri",
    "code": "0804802000",
    "zip_code": "",
    "district": "Lone",
    "type": "Mun",
    "region_id": 9,
    "province_id": 45
  },
  {
    "id": 1011,
    "created_at": "2023-05-02T19:39:11.000000Z",
    "updated_at": "2023-05-02T19:39:11.000000Z",
    "name": "Bobon",
    "code": "0804803000",
    "zip_code": "",
    "district": "Lone",
    "type": "Mun",
    "region_id": 9,
    "province_id": 45
  },
  {
    "id": 1012,
    "created_at": "2023-05-02T19:39:11.000000Z",
    "updated_at": "2023-05-02T19:39:11.000000Z",
    "name": "Capul",
    "code": "0804804000",
    "zip_code": "",
    "district": "Lone",
    "type": "Mun",
    "region_id": 9,
    "province_id": 45
  },
  {
    "id": 1013,
    "created_at": "2023-05-02T19:39:11.000000Z",
    "updated_at": "2023-05-02T19:39:11.000000Z",
    "name": "Catarman ",
    "code": "0804805000",
    "zip_code": "",
    "district": "Lone",
    "type": "Mun",
    "region_id": 9,
    "province_id": 45
  },
  {
    "id": 1014,
    "created_at": "2023-05-02T19:39:11.000000Z",
    "updated_at": "2023-05-02T19:39:11.000000Z",
    "name": "Catubig",
    "code": "0804806000",
    "zip_code": "",
    "district": "Lone",
    "type": "Mun",
    "region_id": 9,
    "province_id": 45
  },
  {
    "id": 1015,
    "created_at": "2023-05-02T19:39:11.000000Z",
    "updated_at": "2023-05-02T19:39:11.000000Z",
    "name": "Gamay",
    "code": "0804807000",
    "zip_code": "",
    "district": "Lone",
    "type": "Mun",
    "region_id": 9,
    "province_id": 45
  },
  {
    "id": 1016,
    "created_at": "2023-05-02T19:39:11.000000Z",
    "updated_at": "2023-05-02T19:39:11.000000Z",
    "name": "Laoang",
    "code": "0804808000",
    "zip_code": "",
    "district": "Lone",
    "type": "Mun",
    "region_id": 9,
    "province_id": 45
  },
  {
    "id": 1017,
    "created_at": "2023-05-02T19:39:11.000000Z",
    "updated_at": "2023-05-02T19:39:11.000000Z",
    "name": "Lapinig",
    "code": "0804809000",
    "zip_code": "",
    "district": "Lone",
    "type": "Mun",
    "region_id": 9,
    "province_id": 45
  },
  {
    "id": 1018,
    "created_at": "2023-05-02T19:39:11.000000Z",
    "updated_at": "2023-05-02T19:39:11.000000Z",
    "name": "Las Navas",
    "code": "0804810000",
    "zip_code": "",
    "district": "Lone",
    "type": "Mun",
    "region_id": 9,
    "province_id": 45
  },
  {
    "id": 1019,
    "created_at": "2023-05-02T19:39:12.000000Z",
    "updated_at": "2023-05-02T19:39:12.000000Z",
    "name": "Lavezares",
    "code": "0804811000",
    "zip_code": "",
    "district": "Lone",
    "type": "Mun",
    "region_id": 9,
    "province_id": 45
  },
  {
    "id": 1020,
    "created_at": "2023-05-02T19:39:12.000000Z",
    "updated_at": "2023-05-02T19:39:12.000000Z",
    "name": "Mapanas",
    "code": "0804812000",
    "zip_code": "",
    "district": "Lone",
    "type": "Mun",
    "region_id": 9,
    "province_id": 45
  },
  {
    "id": 1021,
    "created_at": "2023-05-02T19:39:12.000000Z",
    "updated_at": "2023-05-02T19:39:12.000000Z",
    "name": "Mondragon",
    "code": "0804813000",
    "zip_code": "",
    "district": "Lone",
    "type": "Mun",
    "region_id": 9,
    "province_id": 45
  },
  {
    "id": 1022,
    "created_at": "2023-05-02T19:39:12.000000Z",
    "updated_at": "2023-05-02T19:39:12.000000Z",
    "name": "Palapag",
    "code": "0804814000",
    "zip_code": "",
    "district": "Lone",
    "type": "Mun",
    "region_id": 9,
    "province_id": 45
  },
  {
    "id": 1023,
    "created_at": "2023-05-02T19:39:12.000000Z",
    "updated_at": "2023-05-02T19:39:12.000000Z",
    "name": "Pambujan",
    "code": "0804815000",
    "zip_code": "",
    "district": "Lone",
    "type": "Mun",
    "region_id": 9,
    "province_id": 45
  },
  {
    "id": 1024,
    "created_at": "2023-05-02T19:39:12.000000Z",
    "updated_at": "2023-05-02T19:39:12.000000Z",
    "name": "Rosario",
    "code": "0804816000",
    "zip_code": "",
    "district": "Lone",
    "type": "Mun",
    "region_id": 9,
    "province_id": 45
  },
  {
    "id": 1025,
    "created_at": "2023-05-02T19:39:12.000000Z",
    "updated_at": "2023-05-02T19:39:12.000000Z",
    "name": "San Antonio",
    "code": "0804817000",
    "zip_code": "",
    "district": "Lone",
    "type": "Mun",
    "region_id": 9,
    "province_id": 45
  },
  {
    "id": 1026,
    "created_at": "2023-05-02T19:39:12.000000Z",
    "updated_at": "2023-05-02T19:39:12.000000Z",
    "name": "San Isidro",
    "code": "0804818000",
    "zip_code": "",
    "district": "Lone",
    "type": "Mun",
    "region_id": 9,
    "province_id": 45
  },
  {
    "id": 1027,
    "created_at": "2023-05-02T19:39:12.000000Z",
    "updated_at": "2023-05-02T19:39:12.000000Z",
    "name": "San Jose",
    "code": "0804819000",
    "zip_code": "",
    "district": "Lone",
    "type": "Mun",
    "region_id": 9,
    "province_id": 45
  },
  {
    "id": 1028,
    "created_at": "2023-05-02T19:39:12.000000Z",
    "updated_at": "2023-05-02T19:39:12.000000Z",
    "name": "San Roque",
    "code": "0804820000",
    "zip_code": "",
    "district": "Lone",
    "type": "Mun",
    "region_id": 9,
    "province_id": 45
  },
  {
    "id": 1029,
    "created_at": "2023-05-02T19:39:12.000000Z",
    "updated_at": "2023-05-02T19:39:12.000000Z",
    "name": "San Vicente",
    "code": "0804821000",
    "zip_code": "",
    "district": "Lone",
    "type": "Mun",
    "region_id": 9,
    "province_id": 45
  },
  {
    "id": 1030,
    "created_at": "2023-05-02T19:39:12.000000Z",
    "updated_at": "2023-05-02T19:39:12.000000Z",
    "name": "Silvino Lobos",
    "code": "0804822000",
    "zip_code": "",
    "district": "Lone",
    "type": "Mun",
    "region_id": 9,
    "province_id": 45
  },
  {
    "id": 1031,
    "created_at": "2023-05-02T19:39:12.000000Z",
    "updated_at": "2023-05-02T19:39:12.000000Z",
    "name": "Victoria",
    "code": "0804823000",
    "zip_code": "",
    "district": "Lone",
    "type": "Mun",
    "region_id": 9,
    "province_id": 45
  },
  {
    "id": 1032,
    "created_at": "2023-05-02T19:39:12.000000Z",
    "updated_at": "2023-05-02T19:39:12.000000Z",
    "name": "Lope De Vega",
    "code": "0804824000",
    "zip_code": "",
    "district": "Lone",
    "type": "Mun",
    "region_id": 9,
    "province_id": 45
  },
  {
    "id": 1033,
    "created_at": "2023-05-02T19:39:12.000000Z",
    "updated_at": "2023-05-02T19:39:12.000000Z",
    "name": "Almagro",
    "code": "0806001000",
    "zip_code": "",
    "district": "Lone",
    "type": "Mun",
    "region_id": 9,
    "province_id": 46
  },
  {
    "id": 1034,
    "created_at": "2023-05-02T19:39:12.000000Z",
    "updated_at": "2023-05-02T19:39:12.000000Z",
    "name": "Basey",
    "code": "0806002000",
    "zip_code": "",
    "district": "Lone",
    "type": "Mun",
    "region_id": 9,
    "province_id": 46
  },
  {
    "id": 1035,
    "created_at": "2023-05-02T19:39:12.000000Z",
    "updated_at": "2023-05-02T19:39:12.000000Z",
    "name": "City of Calbayog",
    "code": "0806003000",
    "zip_code": "",
    "district": "Lone",
    "type": "City",
    "region_id": 9,
    "province_id": 46
  },
  {
    "id": 1036,
    "created_at": "2023-05-02T19:39:12.000000Z",
    "updated_at": "2023-05-02T19:39:12.000000Z",
    "name": "Calbiga",
    "code": "0806004000",
    "zip_code": "",
    "district": "Lone",
    "type": "Mun",
    "region_id": 9,
    "province_id": 46
  },
  {
    "id": 1037,
    "created_at": "2023-05-02T19:39:12.000000Z",
    "updated_at": "2023-05-02T19:39:12.000000Z",
    "name": "City of Catbalogan ",
    "code": "0806005000",
    "zip_code": "",
    "district": "Lone",
    "type": "City",
    "region_id": 9,
    "province_id": 46
  },
  {
    "id": 1038,
    "created_at": "2023-05-02T19:39:12.000000Z",
    "updated_at": "2023-05-02T19:39:12.000000Z",
    "name": "Daram",
    "code": "0806006000",
    "zip_code": "",
    "district": "Lone",
    "type": "Mun",
    "region_id": 9,
    "province_id": 46
  },
  {
    "id": 1039,
    "created_at": "2023-05-02T19:39:12.000000Z",
    "updated_at": "2023-05-02T19:39:12.000000Z",
    "name": "Gandara",
    "code": "0806007000",
    "zip_code": "",
    "district": "Lone",
    "type": "Mun",
    "region_id": 9,
    "province_id": 46
  },
  {
    "id": 1040,
    "created_at": "2023-05-02T19:39:12.000000Z",
    "updated_at": "2023-05-02T19:39:12.000000Z",
    "name": "Hinabangan",
    "code": "0806008000",
    "zip_code": "",
    "district": "Lone",
    "type": "Mun",
    "region_id": 9,
    "province_id": 46
  },
  {
    "id": 1041,
    "created_at": "2023-05-02T19:39:12.000000Z",
    "updated_at": "2023-05-02T19:39:12.000000Z",
    "name": "Jiabong",
    "code": "0806009000",
    "zip_code": "",
    "district": "Lone",
    "type": "Mun",
    "region_id": 9,
    "province_id": 46
  },
  {
    "id": 1042,
    "created_at": "2023-05-02T19:39:12.000000Z",
    "updated_at": "2023-05-02T19:39:12.000000Z",
    "name": "Marabut",
    "code": "0806010000",
    "zip_code": "",
    "district": "Lone",
    "type": "Mun",
    "region_id": 9,
    "province_id": 46
  },
  {
    "id": 1043,
    "created_at": "2023-05-02T19:39:12.000000Z",
    "updated_at": "2023-05-02T19:39:12.000000Z",
    "name": "Matuguinao",
    "code": "0806011000",
    "zip_code": "",
    "district": "Lone",
    "type": "Mun",
    "region_id": 9,
    "province_id": 46
  },
  {
    "id": 1044,
    "created_at": "2023-05-02T19:39:13.000000Z",
    "updated_at": "2023-05-02T19:39:13.000000Z",
    "name": "Motiong",
    "code": "0806012000",
    "zip_code": "",
    "district": "Lone",
    "type": "Mun",
    "region_id": 9,
    "province_id": 46
  },
  {
    "id": 1045,
    "created_at": "2023-05-02T19:39:13.000000Z",
    "updated_at": "2023-05-02T19:39:13.000000Z",
    "name": "Pinabacdao",
    "code": "0806013000",
    "zip_code": "",
    "district": "Lone",
    "type": "Mun",
    "region_id": 9,
    "province_id": 46
  },
  {
    "id": 1046,
    "created_at": "2023-05-02T19:39:13.000000Z",
    "updated_at": "2023-05-02T19:39:13.000000Z",
    "name": "San Jose De Buan",
    "code": "0806014000",
    "zip_code": "",
    "district": "Lone",
    "type": "Mun",
    "region_id": 9,
    "province_id": 46
  },
  {
    "id": 1047,
    "created_at": "2023-05-02T19:39:13.000000Z",
    "updated_at": "2023-05-02T19:39:13.000000Z",
    "name": "San Sebastian",
    "code": "0806015000",
    "zip_code": "",
    "district": "Lone",
    "type": "Mun",
    "region_id": 9,
    "province_id": 46
  },
  {
    "id": 1048,
    "created_at": "2023-05-02T19:39:13.000000Z",
    "updated_at": "2023-05-02T19:39:13.000000Z",
    "name": "Santa Margarita",
    "code": "0806016000",
    "zip_code": "",
    "district": "Lone",
    "type": "Mun",
    "region_id": 9,
    "province_id": 46
  },
  {
    "id": 1049,
    "created_at": "2023-05-02T19:39:13.000000Z",
    "updated_at": "2023-05-02T19:39:13.000000Z",
    "name": "Santa Rita",
    "code": "0806017000",
    "zip_code": "",
    "district": "Lone",
    "type": "Mun",
    "region_id": 9,
    "province_id": 46
  },
  {
    "id": 1050,
    "created_at": "2023-05-02T19:39:13.000000Z",
    "updated_at": "2023-05-02T19:39:13.000000Z",
    "name": "Santo Niño",
    "code": "0806018000",
    "zip_code": "",
    "district": "Lone",
    "type": "Mun",
    "region_id": 9,
    "province_id": 46
  },
  {
    "id": 1051,
    "created_at": "2023-05-02T19:39:13.000000Z",
    "updated_at": "2023-05-02T19:39:13.000000Z",
    "name": "Talalora",
    "code": "0806019000",
    "zip_code": "",
    "district": "Lone",
    "type": "Mun",
    "region_id": 9,
    "province_id": 46
  },
  {
    "id": 1052,
    "created_at": "2023-05-02T19:39:13.000000Z",
    "updated_at": "2023-05-02T19:39:13.000000Z",
    "name": "Tarangnan",
    "code": "0806020000",
    "zip_code": "",
    "district": "Lone",
    "type": "Mun",
    "region_id": 9,
    "province_id": 46
  },
  {
    "id": 1053,
    "created_at": "2023-05-02T19:39:13.000000Z",
    "updated_at": "2023-05-02T19:39:13.000000Z",
    "name": "Villareal",
    "code": "0806021000",
    "zip_code": "",
    "district": "Lone",
    "type": "Mun",
    "region_id": 9,
    "province_id": 46
  },
  {
    "id": 1054,
    "created_at": "2023-05-02T19:39:13.000000Z",
    "updated_at": "2023-05-02T19:39:13.000000Z",
    "name": "Paranas",
    "code": "0806022000",
    "zip_code": "",
    "district": "Lone",
    "type": "Mun",
    "region_id": 9,
    "province_id": 46
  },
  {
    "id": 1055,
    "created_at": "2023-05-02T19:39:13.000000Z",
    "updated_at": "2023-05-02T19:39:13.000000Z",
    "name": "Zumarraga",
    "code": "0806023000",
    "zip_code": "",
    "district": "Lone",
    "type": "Mun",
    "region_id": 9,
    "province_id": 46
  },
  {
    "id": 1056,
    "created_at": "2023-05-02T19:39:13.000000Z",
    "updated_at": "2023-05-02T19:39:13.000000Z",
    "name": "Tagapul-An",
    "code": "0806024000",
    "zip_code": "",
    "district": "Lone",
    "type": "Mun",
    "region_id": 9,
    "province_id": 46
  },
  {
    "id": 1057,
    "created_at": "2023-05-02T19:39:13.000000Z",
    "updated_at": "2023-05-02T19:39:13.000000Z",
    "name": "San Jorge",
    "code": "0806025000",
    "zip_code": "",
    "district": "Lone",
    "type": "Mun",
    "region_id": 9,
    "province_id": 46
  },
  {
    "id": 1058,
    "created_at": "2023-05-02T19:39:13.000000Z",
    "updated_at": "2023-05-02T19:39:13.000000Z",
    "name": "Pagsanghan",
    "code": "0806026000",
    "zip_code": "",
    "district": "Lone",
    "type": "Mun",
    "region_id": 9,
    "province_id": 46
  },
  {
    "id": 1059,
    "created_at": "2023-05-02T19:39:13.000000Z",
    "updated_at": "2023-05-02T19:39:13.000000Z",
    "name": "Anahawan",
    "code": "0806401000",
    "zip_code": "",
    "district": "Lone",
    "type": "Mun",
    "region_id": 9,
    "province_id": 47
  },
  {
    "id": 1060,
    "created_at": "2023-05-02T19:39:13.000000Z",
    "updated_at": "2023-05-02T19:39:13.000000Z",
    "name": "Bontoc",
    "code": "0806402000",
    "zip_code": "",
    "district": "Lone",
    "type": "Mun",
    "region_id": 9,
    "province_id": 47
  },
  {
    "id": 1061,
    "created_at": "2023-05-02T19:39:13.000000Z",
    "updated_at": "2023-05-02T19:39:13.000000Z",
    "name": "Hinunangan",
    "code": "0806403000",
    "zip_code": "",
    "district": "Lone",
    "type": "Mun",
    "region_id": 9,
    "province_id": 47
  },
  {
    "id": 1062,
    "created_at": "2023-05-02T19:39:13.000000Z",
    "updated_at": "2023-05-02T19:39:13.000000Z",
    "name": "Hinundayan",
    "code": "0806404000",
    "zip_code": "",
    "district": "Lone",
    "type": "Mun",
    "region_id": 9,
    "province_id": 47
  },
  {
    "id": 1063,
    "created_at": "2023-05-02T19:39:13.000000Z",
    "updated_at": "2023-05-02T19:39:13.000000Z",
    "name": "Libagon",
    "code": "0806405000",
    "zip_code": "",
    "district": "Lone",
    "type": "Mun",
    "region_id": 9,
    "province_id": 47
  },
  {
    "id": 1064,
    "created_at": "2023-05-02T19:39:13.000000Z",
    "updated_at": "2023-05-02T19:39:13.000000Z",
    "name": "Liloan",
    "code": "0806406000",
    "zip_code": "",
    "district": "Lone",
    "type": "Mun",
    "region_id": 9,
    "province_id": 47
  },
  {
    "id": 1065,
    "created_at": "2023-05-02T19:39:13.000000Z",
    "updated_at": "2023-05-02T19:39:13.000000Z",
    "name": "City of Maasin ",
    "code": "0806407000",
    "zip_code": "",
    "district": "Lone",
    "type": "City",
    "region_id": 9,
    "province_id": 47
  },
  {
    "id": 1066,
    "created_at": "2023-05-02T19:39:13.000000Z",
    "updated_at": "2023-05-02T19:39:13.000000Z",
    "name": "Macrohon",
    "code": "0806408000",
    "zip_code": "",
    "district": "Lone",
    "type": "Mun",
    "region_id": 9,
    "province_id": 47
  },
  {
    "id": 1067,
    "created_at": "2023-05-02T19:39:13.000000Z",
    "updated_at": "2023-05-02T19:39:13.000000Z",
    "name": "Malitbog",
    "code": "0806409000",
    "zip_code": "",
    "district": "Lone",
    "type": "Mun",
    "region_id": 9,
    "province_id": 47
  },
  {
    "id": 1068,
    "created_at": "2023-05-02T19:39:13.000000Z",
    "updated_at": "2023-05-02T19:39:13.000000Z",
    "name": "Padre Burgos",
    "code": "0806410000",
    "zip_code": "",
    "district": "Lone",
    "type": "Mun",
    "region_id": 9,
    "province_id": 47
  },
  {
    "id": 1069,
    "created_at": "2023-05-02T19:39:13.000000Z",
    "updated_at": "2023-05-02T19:39:13.000000Z",
    "name": "Pintuyan",
    "code": "0806411000",
    "zip_code": "",
    "district": "Lone",
    "type": "Mun",
    "region_id": 9,
    "province_id": 47
  },
  {
    "id": 1070,
    "created_at": "2023-05-02T19:39:13.000000Z",
    "updated_at": "2023-05-02T19:39:13.000000Z",
    "name": "Saint Bernard",
    "code": "0806412000",
    "zip_code": "",
    "district": "Lone",
    "type": "Mun",
    "region_id": 9,
    "province_id": 47
  },
  {
    "id": 1071,
    "created_at": "2023-05-02T19:39:13.000000Z",
    "updated_at": "2023-05-02T19:39:13.000000Z",
    "name": "San Francisco",
    "code": "0806413000",
    "zip_code": "",
    "district": "Lone",
    "type": "Mun",
    "region_id": 9,
    "province_id": 47
  },
  {
    "id": 1072,
    "created_at": "2023-05-02T19:39:13.000000Z",
    "updated_at": "2023-05-02T19:39:13.000000Z",
    "name": "San Juan",
    "code": "0806414000",
    "zip_code": "",
    "district": "Lone",
    "type": "Mun",
    "region_id": 9,
    "province_id": 47
  },
  {
    "id": 1073,
    "created_at": "2023-05-02T19:39:13.000000Z",
    "updated_at": "2023-05-02T19:39:13.000000Z",
    "name": "San Ricardo",
    "code": "0806415000",
    "zip_code": "",
    "district": "Lone",
    "type": "Mun",
    "region_id": 9,
    "province_id": 47
  },
  {
    "id": 1074,
    "created_at": "2023-05-02T19:39:13.000000Z",
    "updated_at": "2023-05-02T19:39:13.000000Z",
    "name": "Silago",
    "code": "0806416000",
    "zip_code": "",
    "district": "Lone",
    "type": "Mun",
    "region_id": 9,
    "province_id": 47
  },
  {
    "id": 1075,
    "created_at": "2023-05-02T19:39:13.000000Z",
    "updated_at": "2023-05-02T19:39:13.000000Z",
    "name": "Sogod",
    "code": "0806417000",
    "zip_code": "",
    "district": "Lone",
    "type": "Mun",
    "region_id": 9,
    "province_id": 47
  },
  {
    "id": 1076,
    "created_at": "2023-05-02T19:39:14.000000Z",
    "updated_at": "2023-05-02T19:39:14.000000Z",
    "name": "Tomas Oppus",
    "code": "0806418000",
    "zip_code": "",
    "district": "Lone",
    "type": "Mun",
    "region_id": 9,
    "province_id": 47
  },
  {
    "id": 1077,
    "created_at": "2023-05-02T19:39:14.000000Z",
    "updated_at": "2023-05-02T19:39:14.000000Z",
    "name": "Limasawa",
    "code": "0806419000",
    "zip_code": "",
    "district": "Lone",
    "type": "Mun",
    "region_id": 9,
    "province_id": 47
  },
  {
    "id": 1078,
    "created_at": "2023-05-02T19:39:14.000000Z",
    "updated_at": "2023-05-02T19:39:14.000000Z",
    "name": "Almeria",
    "code": "0807801000",
    "zip_code": "",
    "district": "Lone",
    "type": "Mun",
    "region_id": 9,
    "province_id": 48
  },
  {
    "id": 1079,
    "created_at": "2023-05-02T19:39:14.000000Z",
    "updated_at": "2023-05-02T19:39:14.000000Z",
    "name": "Biliran",
    "code": "0807802000",
    "zip_code": "",
    "district": "Lone",
    "type": "Mun",
    "region_id": 9,
    "province_id": 48
  },
  {
    "id": 1080,
    "created_at": "2023-05-02T19:39:14.000000Z",
    "updated_at": "2023-05-02T19:39:14.000000Z",
    "name": "Cabucgayan",
    "code": "0807803000",
    "zip_code": "",
    "district": "Lone",
    "type": "Mun",
    "region_id": 9,
    "province_id": 48
  },
  {
    "id": 1081,
    "created_at": "2023-05-02T19:39:14.000000Z",
    "updated_at": "2023-05-02T19:39:14.000000Z",
    "name": "Caibiran",
    "code": "0807804000",
    "zip_code": "",
    "district": "Lone",
    "type": "Mun",
    "region_id": 9,
    "province_id": 48
  },
  {
    "id": 1082,
    "created_at": "2023-05-02T19:39:14.000000Z",
    "updated_at": "2023-05-02T19:39:14.000000Z",
    "name": "Culaba",
    "code": "0807805000",
    "zip_code": "",
    "district": "Lone",
    "type": "Mun",
    "region_id": 9,
    "province_id": 48
  },
  {
    "id": 1083,
    "created_at": "2023-05-02T19:39:14.000000Z",
    "updated_at": "2023-05-02T19:39:14.000000Z",
    "name": "Kawayan",
    "code": "0807806000",
    "zip_code": "",
    "district": "Lone",
    "type": "Mun",
    "region_id": 9,
    "province_id": 48
  },
  {
    "id": 1084,
    "created_at": "2023-05-02T19:39:14.000000Z",
    "updated_at": "2023-05-02T19:39:14.000000Z",
    "name": "Maripipi",
    "code": "0807807000",
    "zip_code": "",
    "district": "Lone",
    "type": "Mun",
    "region_id": 9,
    "province_id": 48
  },
  {
    "id": 1085,
    "created_at": "2023-05-02T19:39:14.000000Z",
    "updated_at": "2023-05-02T19:39:14.000000Z",
    "name": "Naval ",
    "code": "0807808000",
    "zip_code": "",
    "district": "Lone",
    "type": "Mun",
    "region_id": 9,
    "province_id": 48
  }
]