[
  {
    "id": 564,
    "created_at": "2023-05-02T19:38:56.000000Z",
    "updated_at": "2023-05-02T19:38:56.000000Z",
    "name": "Bacacay",
    "code": "0500501000",
    "zip_code": "",
    "district": "Lone",
    "type": "Mun",
    "region_id": 6,
    "province_id": 27
  },
  {
    "id": 565,
    "created_at": "2023-05-02T19:38:56.000000Z",
    "updated_at": "2023-05-02T19:38:56.000000Z",
    "name": "Camalig",
    "code": "0500502000",
    "zip_code": "",
    "district": "Lone",
    "type": "Mun",
    "region_id": 6,
    "province_id": 27
  },
  {
    "id": 566,
    "created_at": "2023-05-02T19:38:56.000000Z",
    "updated_at": "2023-05-02T19:38:56.000000Z",
    "name": "Daraga",
    "code": "0500503000",
    "zip_code": "",
    "district": "Lone",
    "type": "Mun",
    "region_id": 6,
    "province_id": 27
  },
  {
    "id": 567,
    "created_at": "2023-05-02T19:38:56.000000Z",
    "updated_at": "2023-05-02T19:38:56.000000Z",
    "name": "Guinobatan",
    "code": "0500504000",
    "zip_code": "",
    "district": "Lone",
    "type": "Mun",
    "region_id": 6,
    "province_id": 27
  },
  {
    "id": 568,
    "created_at": "2023-05-02T19:38:56.000000Z",
    "updated_at": "2023-05-02T19:38:56.000000Z",
    "name": "Jovellar",
    "code": "0500505000",
    "zip_code": "",
    "district": "Lone",
    "type": "Mun",
    "region_id": 6,
    "province_id": 27
  },
  {
    "id": 569,
    "created_at": "2023-05-02T19:38:56.000000Z",
    "updated_at": "2023-05-02T19:38:56.000000Z",
    "name": "City of Legazpi ",
    "code": "0500506000",
    "zip_code": "",
    "district": "Lone",
    "type": "City",
    "region_id": 6,
    "province_id": 27
  },
  {
    "id": 570,
    "created_at": "2023-05-02T19:38:56.000000Z",
    "updated_at": "2023-05-02T19:38:56.000000Z",
    "name": "Libon",
    "code": "0500507000",
    "zip_code": "",
    "district": "Lone",
    "type": "Mun",
    "region_id": 6,
    "province_id": 27
  },
  {
    "id": 571,
    "created_at": "2023-05-02T19:38:56.000000Z",
    "updated_at": "2023-05-02T19:38:56.000000Z",
    "name": "City of Ligao",
    "code": "0500508000",
    "zip_code": "",
    "district": "Lone",
    "type": "City",
    "region_id": 6,
    "province_id": 27
  },
  {
    "id": 572,
    "created_at": "2023-05-02T19:38:56.000000Z",
    "updated_at": "2023-05-02T19:38:56.000000Z",
    "name": "Malilipot",
    "code": "0500509000",
    "zip_code": "",
    "district": "Lone",
    "type": "Mun",
    "region_id": 6,
    "province_id": 27
  },
  {
    "id": 573,
    "created_at": "2023-05-02T19:38:56.000000Z",
    "updated_at": "2023-05-02T19:38:56.000000Z",
    "name": "Malinao",
    "code": "0500510000",
    "zip_code": "",
    "district": "Lone",
    "type": "Mun",
    "region_id": 6,
    "province_id": 27
  },
  {
    "id": 574,
    "created_at": "2023-05-02T19:38:56.000000Z",
    "updated_at": "2023-05-02T19:38:56.000000Z",
    "name": "Manito",
    "code": "0500511000",
    "zip_code": "",
    "district": "Lone",
    "type": "Mun",
    "region_id": 6,
    "province_id": 27
  },
  {
    "id": 575,
    "created_at": "2023-05-02T19:38:56.000000Z",
    "updated_at": "2023-05-02T19:38:56.000000Z",
    "name": "Oas",
    "code": "0500512000",
    "zip_code": "",
    "district": "Lone",
    "type": "Mun",
    "region_id": 6,
    "province_id": 27
  },
  {
    "id": 576,
    "created_at": "2023-05-02T19:38:56.000000Z",
    "updated_at": "2023-05-02T19:38:56.000000Z",
    "name": "Pio Duran",
    "code": "0500513000",
    "zip_code": "",
    "district": "Lone",
    "type": "Mun",
    "region_id": 6,
    "province_id": 27
  },
  {
    "id": 577,
    "created_at": "2023-05-02T19:38:56.000000Z",
    "updated_at": "2023-05-02T19:38:56.000000Z",
    "name": "Polangui",
    "code": "0500514000",
    "zip_code": "",
    "district": "Lone",
    "type": "Mun",
    "region_id": 6,
    "province_id": 27
  },
  {
    "id": 578,
    "created_at": "2023-05-02T19:38:56.000000Z",
    "updated_at": "2023-05-02T19:38:56.000000Z",
    "name": "Rapu-Rapu",
    "code": "0500515000",
    "zip_code": "",
    "district": "Lone",
    "type": "Mun",
    "region_id": 6,
    "province_id": 27
  },
  {
    "id": 579,
    "created_at": "2023-05-02T19:38:57.000000Z",
    "updated_at": "2023-05-02T19:38:57.000000Z",
    "name": "Santo Domingo",
    "code": "0500516000",
    "zip_code": "",
    "district": "Lone",
    "type": "Mun",
    "region_id": 6,
    "province_id": 27
  },
  {
    "id": 580,
    "created_at": "2023-05-02T19:38:57.000000Z",
    "updated_at": "2023-05-02T19:38:57.000000Z",
    "name": "City of Tabaco",
    "code": "0500517000",
    "zip_code": "",
    "district": "Lone",
    "type": "City",
    "region_id": 6,
    "province_id": 27
  },
  {
    "id": 581,
    "created_at": "2023-05-02T19:38:57.000000Z",
    "updated_at": "2023-05-02T19:38:57.000000Z",
    "name": "Tiwi",
    "code": "0500518000",
    "zip_code": "",
    "district": "Lone",
    "type": "Mun",
    "region_id": 6,
    "province_id": 27
  },
  {
    "id": 582,
    "created_at": "2023-05-02T19:38:57.000000Z",
    "updated_at": "2023-05-02T19:38:57.000000Z",
    "name": "Basud",
    "code": "0501601000",
    "zip_code": "",
    "district": "Lone",
    "type": "Mun",
    "region_id": 6,
    "province_id": 28
  },
  {
    "id": 583,
    "created_at": "2023-05-02T19:38:57.000000Z",
    "updated_at": "2023-05-02T19:38:57.000000Z",
    "name": "Capalonga",
    "code": "0501602000",
    "zip_code": "",
    "district": "Lone",
    "type": "Mun",
    "region_id": 6,
    "province_id": 28
  },
  {
    "id": 584,
    "created_at": "2023-05-02T19:38:57.000000Z",
    "updated_at": "2023-05-02T19:38:57.000000Z",
    "name": "Daet ",
    "code": "0501603000",
    "zip_code": "",
    "district": "Lone",
    "type": "Mun",
    "region_id": 6,
    "province_id": 28
  },
  {
    "id": 585,
    "created_at": "2023-05-02T19:38:57.000000Z",
    "updated_at": "2023-05-02T19:38:57.000000Z",
    "name": "San Lorenzo Ruiz",
    "code": "0501604000",
    "zip_code": "",
    "district": "Lone",
    "type": "Mun",
    "region_id": 6,
    "province_id": 28
  },
  {
    "id": 586,
    "created_at": "2023-05-02T19:38:57.000000Z",
    "updated_at": "2023-05-02T19:38:57.000000Z",
    "name": "Jose Panganiban",
    "code": "0501605000",
    "zip_code": "",
    "district": "Lone",
    "type": "Mun",
    "region_id": 6,
    "province_id": 28
  },
  {
    "id": 587,
    "created_at": "2023-05-02T19:38:57.000000Z",
    "updated_at": "2023-05-02T19:38:57.000000Z",
    "name": "Labo",
    "code": "0501606000",
    "zip_code": "",
    "district": "Lone",
    "type": "Mun",
    "region_id": 6,
    "province_id": 28
  },
  {
    "id": 588,
    "created_at": "2023-05-02T19:38:57.000000Z",
    "updated_at": "2023-05-02T19:38:57.000000Z",
    "name": "Mercedes",
    "code": "0501607000",
    "zip_code": "",
    "district": "Lone",
    "type": "Mun",
    "region_id": 6,
    "province_id": 28
  },
  {
    "id": 589,
    "created_at": "2023-05-02T19:38:57.000000Z",
    "updated_at": "2023-05-02T19:38:57.000000Z",
    "name": "Paracale",
    "code": "0501608000",
    "zip_code": "",
    "district": "Lone",
    "type": "Mun",
    "region_id": 6,
    "province_id": 28
  },
  {
    "id": 590,
    "created_at": "2023-05-02T19:38:57.000000Z",
    "updated_at": "2023-05-02T19:38:57.000000Z",
    "name": "San Vicente",
    "code": "0501609000",
    "zip_code": "",
    "district": "Lone",
    "type": "Mun",
    "region_id": 6,
    "province_id": 28
  },
  {
    "id": 591,
    "created_at": "2023-05-02T19:38:57.000000Z",
    "updated_at": "2023-05-02T19:38:57.000000Z",
    "name": "Santa Elena",
    "code": "0501610000",
    "zip_code": "",
    "district": "Lone",
    "type": "Mun",
    "region_id": 6,
    "province_id": 28
  },
  {
    "id": 592,
    "created_at": "2023-05-02T19:38:57.000000Z",
    "updated_at": "2023-05-02T19:38:57.000000Z",
    "name": "Talisay",
    "code": "0501611000",
    "zip_code": "",
    "district": "Lone",
    "type": "Mun",
    "region_id": 6,
    "province_id": 28
  },
  {
    "id": 593,
    "created_at": "2023-05-02T19:38:57.000000Z",
    "updated_at": "2023-05-02T19:38:57.000000Z",
    "name": "Vinzons",
    "code": "0501612000",
    "zip_code": "",
    "district": "Lone",
    "type": "Mun",
    "region_id": 6,
    "province_id": 28
  },
  {
    "id": 594,
    "created_at": "2023-05-02T19:38:57.000000Z",
    "updated_at": "2023-05-02T19:38:57.000000Z",
    "name": "Baao",
    "code": "0501701000",
    "zip_code": "",
    "district": "Lone",
    "type": "Mun",
    "region_id": 6,
    "province_id": 29
  },
  {
    "id": 595,
    "created_at": "2023-05-02T19:38:57.000000Z",
    "updated_at": "2023-05-02T19:38:57.000000Z",
    "name": "Balatan",
    "code": "0501702000",
    "zip_code": "",
    "district": "Lone",
    "type": "Mun",
    "region_id": 6,
    "province_id": 29
  },
  {
    "id": 596,
    "created_at": "2023-05-02T19:38:57.000000Z",
    "updated_at": "2023-05-02T19:38:57.000000Z",
    "name": "Bato",
    "code": "0501703000",
    "zip_code": "",
    "district": "Lone",
    "type": "Mun",
    "region_id": 6,
    "province_id": 29
  },
  {
    "id": 597,
    "created_at": "2023-05-02T19:38:57.000000Z",
    "updated_at": "2023-05-02T19:38:57.000000Z",
    "name": "Bombon",
    "code": "0501704000",
    "zip_code": "",
    "district": "Lone",
    "type": "Mun",
    "region_id": 6,
    "province_id": 29
  },
  {
    "id": 598,
    "created_at": "2023-05-02T19:38:57.000000Z",
    "updated_at": "2023-05-02T19:38:57.000000Z",
    "name": "Buhi",
    "code": "0501705000",
    "zip_code": "",
    "district": "Lone",
    "type": "Mun",
    "region_id": 6,
    "province_id": 29
  },
  {
    "id": 599,
    "created_at": "2023-05-02T19:38:57.000000Z",
    "updated_at": "2023-05-02T19:38:57.000000Z",
    "name": "Bula",
    "code": "0501706000",
    "zip_code": "",
    "district": "Lone",
    "type": "Mun",
    "region_id": 6,
    "province_id": 29
  },
  {
    "id": 600,
    "created_at": "2023-05-02T19:38:57.000000Z",
    "updated_at": "2023-05-02T19:38:57.000000Z",
    "name": "Cabusao",
    "code": "0501707000",
    "zip_code": "",
    "district": "Lone",
    "type": "Mun",
    "region_id": 6,
    "province_id": 29
  },
  {
    "id": 601,
    "created_at": "2023-05-02T19:38:57.000000Z",
    "updated_at": "2023-05-02T19:38:57.000000Z",
    "name": "Calabanga",
    "code": "0501708000",
    "zip_code": "",
    "district": "Lone",
    "type": "Mun",
    "region_id": 6,
    "province_id": 29
  },
  {
    "id": 602,
    "created_at": "2023-05-02T19:38:57.000000Z",
    "updated_at": "2023-05-02T19:38:57.000000Z",
    "name": "Camaligan",
    "code": "0501709000",
    "zip_code": "",
    "district": "Lone",
    "type": "Mun",
    "region_id": 6,
    "province_id": 29
  },
  {
    "id": 603,
    "created_at": "2023-05-02T19:38:57.000000Z",
    "updated_at": "2023-05-02T19:38:57.000000Z",
    "name": "Canaman",
    "code": "0501710000",
    "zip_code": "",
    "district": "Lone",
    "type": "Mun",
    "region_id": 6,
    "province_id": 29
  },
  {
    "id": 604,
    "created_at": "2023-05-02T19:38:57.000000Z",
    "updated_at": "2023-05-02T19:38:57.000000Z",
    "name": "Caramoan",
    "code": "0501711000",
    "zip_code": "",
    "district": "Lone",
    "type": "Mun",
    "region_id": 6,
    "province_id": 29
  },
  {
    "id": 605,
    "created_at": "2023-05-02T19:38:57.000000Z",
    "updated_at": "2023-05-02T19:38:57.000000Z",
    "name": "Del Gallego",
    "code": "0501712000",
    "zip_code": "",
    "district": "Lone",
    "type": "Mun",
    "region_id": 6,
    "province_id": 29
  },
  {
    "id": 606,
    "created_at": "2023-05-02T19:38:57.000000Z",
    "updated_at": "2023-05-02T19:38:57.000000Z",
    "name": "Gainza",
    "code": "0501713000",
    "zip_code": "",
    "district": "Lone",
    "type": "Mun",
    "region_id": 6,
    "province_id": 29
  },
  {
    "id": 607,
    "created_at": "2023-05-02T19:38:57.000000Z",
    "updated_at": "2023-05-02T19:38:57.000000Z",
    "name": "Garchitorena",
    "code": "0501714000",
    "zip_code": "",
    "district": "Lone",
    "type": "Mun",
    "region_id": 6,
    "province_id": 29
  },
  {
    "id": 608,
    "created_at": "2023-05-02T19:38:57.000000Z",
    "updated_at": "2023-05-02T19:38:57.000000Z",
    "name": "Goa",
    "code": "0501715000",
    "zip_code": "",
    "district": "Lone",
    "type": "Mun",
    "region_id": 6,
    "province_id": 29
  },
  {
    "id": 609,
    "created_at": "2023-05-02T19:38:57.000000Z",
    "updated_at": "2023-05-02T19:38:57.000000Z",
    "name": "City of Iriga",
    "code": "0501716000",
    "zip_code": "",
    "district": "Lone",
    "type": "City",
    "region_id": 6,
    "province_id": 29
  },
  {
    "id": 610,
    "created_at": "2023-05-02T19:38:57.000000Z",
    "updated_at": "2023-05-02T19:38:57.000000Z",
    "name": "Lagonoy",
    "code": "0501717000",
    "zip_code": "",
    "district": "Lone",
    "type": "Mun",
    "region_id": 6,
    "province_id": 29
  },
  {
    "id": 611,
    "created_at": "2023-05-02T19:38:58.000000Z",
    "updated_at": "2023-05-02T19:38:58.000000Z",
    "name": "Libmanan",
    "code": "0501718000",
    "zip_code": "",
    "district": "Lone",
    "type": "Mun",
    "region_id": 6,
    "province_id": 29
  },
  {
    "id": 612,
    "created_at": "2023-05-02T19:38:58.000000Z",
    "updated_at": "2023-05-02T19:38:58.000000Z",
    "name": "Lupi",
    "code": "0501719000",
    "zip_code": "",
    "district": "Lone",
    "type": "Mun",
    "region_id": 6,
    "province_id": 29
  },
  {
    "id": 613,
    "created_at": "2023-05-02T19:38:58.000000Z",
    "updated_at": "2023-05-02T19:38:58.000000Z",
    "name": "Magarao",
    "code": "0501720000",
    "zip_code": "",
    "district": "Lone",
    "type": "Mun",
    "region_id": 6,
    "province_id": 29
  },
  {
    "id": 614,
    "created_at": "2023-05-02T19:38:58.000000Z",
    "updated_at": "2023-05-02T19:38:58.000000Z",
    "name": "Milaor",
    "code": "0501721000",
    "zip_code": "",
    "district": "Lone",
    "type": "Mun",
    "region_id": 6,
    "province_id": 29
  },
  {
    "id": 615,
    "created_at": "2023-05-02T19:38:58.000000Z",
    "updated_at": "2023-05-02T19:38:58.000000Z",
    "name": "Minalabac",
    "code": "0501722000",
    "zip_code": "",
    "district": "Lone",
    "type": "Mun",
    "region_id": 6,
    "province_id": 29
  },
  {
    "id": 616,
    "created_at": "2023-05-02T19:38:58.000000Z",
    "updated_at": "2023-05-02T19:38:58.000000Z",
    "name": "Nabua",
    "code": "0501723000",
    "zip_code": "",
    "district": "Lone",
    "type": "Mun",
    "region_id": 6,
    "province_id": 29
  },
  {
    "id": 617,
    "created_at": "2023-05-02T19:38:58.000000Z",
    "updated_at": "2023-05-02T19:38:58.000000Z",
    "name": "City of Naga",
    "code": "0501724000",
    "zip_code": "",
    "district": "Lone",
    "type": "City",
    "region_id": 6,
    "province_id": 29
  },
  {
    "id": 618,
    "created_at": "2023-05-02T19:38:58.000000Z",
    "updated_at": "2023-05-02T19:38:58.000000Z",
    "name": "Ocampo",
    "code": "0501725000",
    "zip_code": "",
    "district": "Lone",
    "type": "Mun",
    "region_id": 6,
    "province_id": 29
  },
  {
    "id": 619,
    "created_at": "2023-05-02T19:38:58.000000Z",
    "updated_at": "2023-05-02T19:38:58.000000Z",
    "name": "Pamplona",
    "code": "0501726000",
    "zip_code": "",
    "district": "Lone",
    "type": "Mun",
    "region_id": 6,
    "province_id": 29
  },
  {
    "id": 620,
    "created_at": "2023-05-02T19:38:58.000000Z",
    "updated_at": "2023-05-02T19:38:58.000000Z",
    "name": "Pasacao",
    "code": "0501727000",
    "zip_code": "",
    "district": "Lone",
    "type": "Mun",
    "region_id": 6,
    "province_id": 29
  },
  {
    "id": 621,
    "created_at": "2023-05-02T19:38:58.000000Z",
    "updated_at": "2023-05-02T19:38:58.000000Z",
    "name": "Pili ",
    "code": "0501728000",
    "zip_code": "",
    "district": "Lone",
    "type": "Mun",
    "region_id": 6,
    "province_id": 29
  },
  {
    "id": 622,
    "created_at": "2023-05-02T19:38:58.000000Z",
    "updated_at": "2023-05-02T19:38:58.000000Z",
    "name": "Presentacion",
    "code": "0501729000",
    "zip_code": "",
    "district": "Lone",
    "type": "Mun",
    "region_id": 6,
    "province_id": 29
  },
  {
    "id": 623,
    "created_at": "2023-05-02T19:38:58.000000Z",
    "updated_at": "2023-05-02T19:38:58.000000Z",
    "name": "Ragay",
    "code": "0501730000",
    "zip_code": "",
    "district": "Lone",
    "type": "Mun",
    "region_id": 6,
    "province_id": 29
  },
  {
    "id": 624,
    "created_at": "2023-05-02T19:38:58.000000Z",
    "updated_at": "2023-05-02T19:38:58.000000Z",
    "name": "Sagñay",
    "code": "0501731000",
    "zip_code": "",
    "district": "Lone",
    "type": "Mun",
    "region_id": 6,
    "province_id": 29
  },
  {
    "id": 625,
    "created_at": "2023-05-02T19:38:58.000000Z",
    "updated_at": "2023-05-02T19:38:58.000000Z",
    "name": "San Fernando",
    "code": "0501732000",
    "zip_code": "",
    "district": "Lone",
    "type": "Mun",
    "region_id": 6,
    "province_id": 29
  },
  {
    "id": 626,
    "created_at": "2023-05-02T19:38:58.000000Z",
    "updated_at": "2023-05-02T19:38:58.000000Z",
    "name": "San Jose",
    "code": "0501733000",
    "zip_code": "",
    "district": "Lone",
    "type": "Mun",
    "region_id": 6,
    "province_id": 29
  },
  {
    "id": 627,
    "created_at": "2023-05-02T19:38:58.000000Z",
    "updated_at": "2023-05-02T19:38:58.000000Z",
    "name": "Sipocot",
    "code": "0501734000",
    "zip_code": "",
    "district": "Lone",
    "type": "Mun",
    "region_id": 6,
    "province_id": 29
  },
  {
    "id": 628,
    "created_at": "2023-05-02T19:38:58.000000Z",
    "updated_at": "2023-05-02T19:38:58.000000Z",
    "name": "Siruma",
    "code": "0501735000",
    "zip_code": "",
    "district": "Lone",
    "type": "Mun",
    "region_id": 6,
    "province_id": 29
  },
  {
    "id": 629,
    "created_at": "2023-05-02T19:38:58.000000Z",
    "updated_at": "2023-05-02T19:38:58.000000Z",
    "name": "Tigaon",
    "code": "0501736000",
    "zip_code": "",
    "district": "Lone",
    "type": "Mun",
    "region_id": 6,
    "province_id": 29
  },
  {
    "id": 630,
    "created_at": "2023-05-02T19:38:58.000000Z",
    "updated_at": "2023-05-02T19:38:58.000000Z",
    "name": "Tinambac",
    "code": "0501737000",
    "zip_code": "",
    "district": "Lone",
    "type": "Mun",
    "region_id": 6,
    "province_id": 29
  },
  {
    "id": 631,
    "created_at": "2023-05-02T19:38:58.000000Z",
    "updated_at": "2023-05-02T19:38:58.000000Z",
    "name": "Bagamanoc",
    "code": "0502001000",
    "zip_code": "",
    "district": "Lone",
    "type": "Mun",
    "region_id": 6,
    "province_id": 30
  },
  {
    "id": 632,
    "created_at": "2023-05-02T19:38:58.000000Z",
    "updated_at": "2023-05-02T19:38:58.000000Z",
    "name": "Baras",
    "code": "0502002000",
    "zip_code": "",
    "district": "Lone",
    "type": "Mun",
    "region_id": 6,
    "province_id": 30
  },
  {
    "id": 633,
    "created_at": "2023-05-02T19:38:58.000000Z",
    "updated_at": "2023-05-02T19:38:58.000000Z",
    "name": "Bato",
    "code": "0502003000",
    "zip_code": "",
    "district": "Lone",
    "type": "Mun",
    "region_id": 6,
    "province_id": 30
  },
  {
    "id": 634,
    "created_at": "2023-05-02T19:38:58.000000Z",
    "updated_at": "2023-05-02T19:38:58.000000Z",
    "name": "Caramoran",
    "code": "0502004000",
    "zip_code": "",
    "district": "Lone",
    "type": "Mun",
    "region_id": 6,
    "province_id": 30
  },
  {
    "id": 635,
    "created_at": "2023-05-02T19:38:58.000000Z",
    "updated_at": "2023-05-02T19:38:58.000000Z",
    "name": "Gigmoto",
    "code": "0502005000",
    "zip_code": "",
    "district": "Lone",
    "type": "Mun",
    "region_id": 6,
    "province_id": 30
  },
  {
    "id": 636,
    "created_at": "2023-05-02T19:38:58.000000Z",
    "updated_at": "2023-05-02T19:38:58.000000Z",
    "name": "Pandan",
    "code": "0502006000",
    "zip_code": "",
    "district": "Lone",
    "type": "Mun",
    "region_id": 6,
    "province_id": 30
  },
  {
    "id": 637,
    "created_at": "2023-05-02T19:38:58.000000Z",
    "updated_at": "2023-05-02T19:38:58.000000Z",
    "name": "Panganiban",
    "code": "0502007000",
    "zip_code": "",
    "district": "Lone",
    "type": "Mun",
    "region_id": 6,
    "province_id": 30
  },
  {
    "id": 638,
    "created_at": "2023-05-02T19:38:58.000000Z",
    "updated_at": "2023-05-02T19:38:58.000000Z",
    "name": "San Andres",
    "code": "0502008000",
    "zip_code": "",
    "district": "Lone",
    "type": "Mun",
    "region_id": 6,
    "province_id": 30
  },
  {
    "id": 639,
    "created_at": "2023-05-02T19:38:58.000000Z",
    "updated_at": "2023-05-02T19:38:58.000000Z",
    "name": "San Miguel",
    "code": "0502009000",
    "zip_code": "",
    "district": "Lone",
    "type": "Mun",
    "region_id": 6,
    "province_id": 30
  },
  {
    "id": 640,
    "created_at": "2023-05-02T19:38:58.000000Z",
    "updated_at": "2023-05-02T19:38:58.000000Z",
    "name": "Viga",
    "code": "0502010000",
    "zip_code": "",
    "district": "Lone",
    "type": "Mun",
    "region_id": 6,
    "province_id": 30
  },
  {
    "id": 641,
    "created_at": "2023-05-02T19:38:58.000000Z",
    "updated_at": "2023-05-02T19:38:58.000000Z",
    "name": "Virac ",
    "code": "0502011000",
    "zip_code": "",
    "district": "Lone",
    "type": "Mun",
    "region_id": 6,
    "province_id": 30
  },
  {
    "id": 642,
    "created_at": "2023-05-02T19:38:59.000000Z",
    "updated_at": "2023-05-02T19:38:59.000000Z",
    "name": "Aroroy",
    "code": "0504101000",
    "zip_code": "",
    "district": "Lone",
    "type": "Mun",
    "region_id": 6,
    "province_id": 31
  },
  {
    "id": 643,
    "created_at": "2023-05-02T19:38:59.000000Z",
    "updated_at": "2023-05-02T19:38:59.000000Z",
    "name": "Baleno",
    "code": "0504102000",
    "zip_code": "",
    "district": "Lone",
    "type": "Mun",
    "region_id": 6,
    "province_id": 31
  },
  {
    "id": 644,
    "created_at": "2023-05-02T19:38:59.000000Z",
    "updated_at": "2023-05-02T19:38:59.000000Z",
    "name": "Balud",
    "code": "0504103000",
    "zip_code": "",
    "district": "Lone",
    "type": "Mun",
    "region_id": 6,
    "province_id": 31
  },
  {
    "id": 645,
    "created_at": "2023-05-02T19:38:59.000000Z",
    "updated_at": "2023-05-02T19:38:59.000000Z",
    "name": "Batuan",
    "code": "0504104000",
    "zip_code": "",
    "district": "Lone",
    "type": "Mun",
    "region_id": 6,
    "province_id": 31
  },
  {
    "id": 646,
    "created_at": "2023-05-02T19:38:59.000000Z",
    "updated_at": "2023-05-02T19:38:59.000000Z",
    "name": "Cataingan",
    "code": "0504105000",
    "zip_code": "",
    "district": "Lone",
    "type": "Mun",
    "region_id": 6,
    "province_id": 31
  },
  {
    "id": 647,
    "created_at": "2023-05-02T19:38:59.000000Z",
    "updated_at": "2023-05-02T19:38:59.000000Z",
    "name": "Cawayan",
    "code": "0504106000",
    "zip_code": "",
    "district": "Lone",
    "type": "Mun",
    "region_id": 6,
    "province_id": 31
  },
  {
    "id": 648,
    "created_at": "2023-05-02T19:38:59.000000Z",
    "updated_at": "2023-05-02T19:38:59.000000Z",
    "name": "Claveria",
    "code": "0504107000",
    "zip_code": "",
    "district": "Lone",
    "type": "Mun",
    "region_id": 6,
    "province_id": 31
  },
  {
    "id": 649,
    "created_at": "2023-05-02T19:38:59.000000Z",
    "updated_at": "2023-05-02T19:38:59.000000Z",
    "name": "Dimasalang",
    "code": "0504108000",
    "zip_code": "",
    "district": "Lone",
    "type": "Mun",
    "region_id": 6,
    "province_id": 31
  },
  {
    "id": 650,
    "created_at": "2023-05-02T19:38:59.000000Z",
    "updated_at": "2023-05-02T19:38:59.000000Z",
    "name": "Esperanza",
    "code": "0504109000",
    "zip_code": "",
    "district": "Lone",
    "type": "Mun",
    "region_id": 6,
    "province_id": 31
  },
  {
    "id": 651,
    "created_at": "2023-05-02T19:38:59.000000Z",
    "updated_at": "2023-05-02T19:38:59.000000Z",
    "name": "Mandaon",
    "code": "0504110000",
    "zip_code": "",
    "district": "Lone",
    "type": "Mun",
    "region_id": 6,
    "province_id": 31
  },
  {
    "id": 652,
    "created_at": "2023-05-02T19:38:59.000000Z",
    "updated_at": "2023-05-02T19:38:59.000000Z",
    "name": "City of Masbate ",
    "code": "0504111000",
    "zip_code": "",
    "district": "Lone",
    "type": "City",
    "region_id": 6,
    "province_id": 31
  },
  {
    "id": 653,
    "created_at": "2023-05-02T19:38:59.000000Z",
    "updated_at": "2023-05-02T19:38:59.000000Z",
    "name": "Milagros",
    "code": "0504112000",
    "zip_code": "",
    "district": "Lone",
    "type": "Mun",
    "region_id": 6,
    "province_id": 31
  },
  {
    "id": 654,
    "created_at": "2023-05-02T19:38:59.000000Z",
    "updated_at": "2023-05-02T19:38:59.000000Z",
    "name": "Mobo",
    "code": "0504113000",
    "zip_code": "",
    "district": "Lone",
    "type": "Mun",
    "region_id": 6,
    "province_id": 31
  },
  {
    "id": 655,
    "created_at": "2023-05-02T19:38:59.000000Z",
    "updated_at": "2023-05-02T19:38:59.000000Z",
    "name": "Monreal",
    "code": "0504114000",
    "zip_code": "",
    "district": "Lone",
    "type": "Mun",
    "region_id": 6,
    "province_id": 31
  },
  {
    "id": 656,
    "created_at": "2023-05-02T19:38:59.000000Z",
    "updated_at": "2023-05-02T19:38:59.000000Z",
    "name": "Palanas",
    "code": "0504115000",
    "zip_code": "",
    "district": "Lone",
    "type": "Mun",
    "region_id": 6,
    "province_id": 31
  },
  {
    "id": 657,
    "created_at": "2023-05-02T19:38:59.000000Z",
    "updated_at": "2023-05-02T19:38:59.000000Z",
    "name": "Pio V. Corpus",
    "code": "0504116000",
    "zip_code": "",
    "district": "Lone",
    "type": "Mun",
    "region_id": 6,
    "province_id": 31
  },
  {
    "id": 658,
    "created_at": "2023-05-02T19:38:59.000000Z",
    "updated_at": "2023-05-02T19:38:59.000000Z",
    "name": "Placer",
    "code": "0504117000",
    "zip_code": "",
    "district": "Lone",
    "type": "Mun",
    "region_id": 6,
    "province_id": 31
  },
  {
    "id": 659,
    "created_at": "2023-05-02T19:38:59.000000Z",
    "updated_at": "2023-05-02T19:38:59.000000Z",
    "name": "San Fernando",
    "code": "0504118000",
    "zip_code": "",
    "district": "Lone",
    "type": "Mun",
    "region_id": 6,
    "province_id": 31
  },
  {
    "id": 660,
    "created_at": "2023-05-02T19:38:59.000000Z",
    "updated_at": "2023-05-02T19:38:59.000000Z",
    "name": "San Jacinto",
    "code": "0504119000",
    "zip_code": "",
    "district": "Lone",
    "type": "Mun",
    "region_id": 6,
    "province_id": 31
  },
  {
    "id": 661,
    "created_at": "2023-05-02T19:38:59.000000Z",
    "updated_at": "2023-05-02T19:38:59.000000Z",
    "name": "San Pascual",
    "code": "0504120000",
    "zip_code": "",
    "district": "Lone",
    "type": "Mun",
    "region_id": 6,
    "province_id": 31
  },
  {
    "id": 662,
    "created_at": "2023-05-02T19:38:59.000000Z",
    "updated_at": "2023-05-02T19:38:59.000000Z",
    "name": "Uson",
    "code": "0504121000",
    "zip_code": "",
    "district": "Lone",
    "type": "Mun",
    "region_id": 6,
    "province_id": 31
  },
  {
    "id": 663,
    "created_at": "2023-05-02T19:38:59.000000Z",
    "updated_at": "2023-05-02T19:38:59.000000Z",
    "name": "Barcelona",
    "code": "0506202000",
    "zip_code": "",
    "district": "Lone",
    "type": "Mun",
    "region_id": 6,
    "province_id": 32
  },
  {
    "id": 664,
    "created_at": "2023-05-02T19:38:59.000000Z",
    "updated_at": "2023-05-02T19:38:59.000000Z",
    "name": "Bulan",
    "code": "0506203000",
    "zip_code": "",
    "district": "Lone",
    "type": "Mun",
    "region_id": 6,
    "province_id": 32
  },
  {
    "id": 665,
    "created_at": "2023-05-02T19:38:59.000000Z",
    "updated_at": "2023-05-02T19:38:59.000000Z",
    "name": "Bulusan",
    "code": "0506204000",
    "zip_code": "",
    "district": "Lone",
    "type": "Mun",
    "region_id": 6,
    "province_id": 32
  },
  {
    "id": 666,
    "created_at": "2023-05-02T19:38:59.000000Z",
    "updated_at": "2023-05-02T19:38:59.000000Z",
    "name": "Casiguran",
    "code": "0506205000",
    "zip_code": "",
    "district": "Lone",
    "type": "Mun",
    "region_id": 6,
    "province_id": 32
  },
  {
    "id": 667,
    "created_at": "2023-05-02T19:38:59.000000Z",
    "updated_at": "2023-05-02T19:38:59.000000Z",
    "name": "Castilla",
    "code": "0506206000",
    "zip_code": "",
    "district": "Lone",
    "type": "Mun",
    "region_id": 6,
    "province_id": 32
  },
  {
    "id": 668,
    "created_at": "2023-05-02T19:38:59.000000Z",
    "updated_at": "2023-05-02T19:38:59.000000Z",
    "name": "Donsol",
    "code": "0506207000",
    "zip_code": "",
    "district": "Lone",
    "type": "Mun",
    "region_id": 6,
    "province_id": 32
  },
  {
    "id": 669,
    "created_at": "2023-05-02T19:38:59.000000Z",
    "updated_at": "2023-05-02T19:38:59.000000Z",
    "name": "Gubat",
    "code": "0506208000",
    "zip_code": "",
    "district": "Lone",
    "type": "Mun",
    "region_id": 6,
    "province_id": 32
  },
  {
    "id": 670,
    "created_at": "2023-05-02T19:39:00.000000Z",
    "updated_at": "2023-05-02T19:39:00.000000Z",
    "name": "Irosin",
    "code": "0506209000",
    "zip_code": "",
    "district": "Lone",
    "type": "Mun",
    "region_id": 6,
    "province_id": 32
  },
  {
    "id": 671,
    "created_at": "2023-05-02T19:39:00.000000Z",
    "updated_at": "2023-05-02T19:39:00.000000Z",
    "name": "Juban",
    "code": "0506210000",
    "zip_code": "",
    "district": "Lone",
    "type": "Mun",
    "region_id": 6,
    "province_id": 32
  },
  {
    "id": 672,
    "created_at": "2023-05-02T19:39:00.000000Z",
    "updated_at": "2023-05-02T19:39:00.000000Z",
    "name": "Magallanes",
    "code": "0506211000",
    "zip_code": "",
    "district": "Lone",
    "type": "Mun",
    "region_id": 6,
    "province_id": 32
  },
  {
    "id": 673,
    "created_at": "2023-05-02T19:39:00.000000Z",
    "updated_at": "2023-05-02T19:39:00.000000Z",
    "name": "Matnog",
    "code": "0506212000",
    "zip_code": "",
    "district": "Lone",
    "type": "Mun",
    "region_id": 6,
    "province_id": 32
  },
  {
    "id": 674,
    "created_at": "2023-05-02T19:39:00.000000Z",
    "updated_at": "2023-05-02T19:39:00.000000Z",
    "name": "Pilar",
    "code": "0506213000",
    "zip_code": "",
    "district": "Lone",
    "type": "Mun",
    "region_id": 6,
    "province_id": 32
  },
  {
    "id": 675,
    "created_at": "2023-05-02T19:39:00.000000Z",
    "updated_at": "2023-05-02T19:39:00.000000Z",
    "name": "Prieto Diaz",
    "code": "0506214000",
    "zip_code": "",
    "district": "Lone",
    "type": "Mun",
    "region_id": 6,
    "province_id": 32
  },
  {
    "id": 676,
    "created_at": "2023-05-02T19:39:00.000000Z",
    "updated_at": "2023-05-02T19:39:00.000000Z",
    "name": "Santa Magdalena",
    "code": "0506215000",
    "zip_code": "",
    "district": "Lone",
    "type": "Mun",
    "region_id": 6,
    "province_id": 32
  },
  {
    "id": 677,
    "created_at": "2023-05-02T19:39:00.000000Z",
    "updated_at": "2023-05-02T19:39:00.000000Z",
    "name": "City of Sorsogon ",
    "code": "0506216000",
    "zip_code": "",
    "district": "Lone",
    "type": "City",
    "region_id": 6,
    "province_id": 32
  }
]